id_proyecto,etapa_vigente,orden,fecha_etapa,ano_decimal,etapa_maxima
AR-P04,autorizacion,3,2026-07-23,2026.5,autorizacion
AR-P03,informacion_publica,2,2025-11-14,2025.8333333333333,informacion_publica
AR-P10,inicio,1,2024-11-29,2024.8333333333333,inicio
CB-P01,inicio,1,2025-07-04,2025.5,inicio
AR-P06,informacion_publica,2,2026-03,2026.1666666666667,informacion_publica
CM-P06,inicio,1,2026-07-15,2026.5,inicio
AR-P07,autorizacion,3,2025-09-15,2025.6666666666667,autorizacion
AR-P01,obra,4,2025-10,2025.75,operativo
CM-P08,informacion_publica,2,2025-03-17,2025.1666666666667,informacion_publica
AR-P09,autorizacion,3,2025-08-21,2025.5833333333333,autorizacion
AS-P01,anuncio,0,2026-08-03,2026.5833333333333,anuncio
AR-P05,inicio,1,2026-07-22,2026.5,inicio
AR-P08,autorizacion,3,2026-07-07,2026.5,autorizacion
CM-P03,informacion_publica,2,2026-04-28,2026.25,informacion_publica
CM-P01,autorizacion,3,2023-12-04,2023.9166666666667,autorizacion
CM-P05,inicio,1,2026-07-13,2026.5,inicio
EX-P05,informacion_publica,2,2026-05-25,2026.3333333333333,informacion_publica
MA-P10,autorizacion,3,2023-03-30,2023.1666666666667,autorizacion
CM-P11,operativo,5,2025-01-29,2025.0,operativo
MA-P11,informacion_publica,2,2025-10-01,2025.75,informacion_publica
AN-P01-2,obra,4,2025-09-03,2025.6666666666667,obra
CB-P07,anuncio,0,2023-11-21,2023.8333333333333,anuncio
GA-P01-2,autorizacion,3,2024-11-22,2024.8333333333333,autorizacion
CE-P02,autorizacion,3,2024-03-15,2024.1666666666667,autorizacion
CM-P10,operativo,5,2022-06-29,2022.4166666666667,operativo
MA-P19,autorizacion,3,2025-11-25,2025.8333333333333,autorizacion
PV-P06,informacion_publica,2,2021-09-20,2021.6666666666667,informacion_publica
AR-P02,autorizacion,3,2023,2023.5,autorizacion
AR-P05-2,informacion_publica,2,2023-03-15,2023.1666666666667,informacion_publica
AR-P04-2,autorizacion,3,2020-04-01,2020.25,autorizacion
MA-P01-3,informacion_publica,2,2023-12-13,2023.9166666666667,informacion_publica
AS-P02,informacion_publica,2,2026-04-06,2026.25,informacion_publica
AR-P01-5,inicio,1,2022-06-14,2022.4166666666667,inicio
CM-P09,anuncio,0,2023-02-03,2023.0833333333333,anuncio
AR-P03-2,inicio,1,2025-12-02,2025.9166666666667,inicio
EX-P01,autorizacion,3,2024-10-18,2024.75,autorizacion
CT-P01-3,informacion_publica,2,2025-08-05,2025.5833333333333,informacion_publica
CT-P01-2,autorizacion,3,2019-03-08,2019.1666666666667,autorizacion
AR-P02-2,inicio,1,2025-04-29,2025.25,inicio
MA-P15,autorizacion,3,2026-02-06,2026.0833333333333,autorizacion
AR-P10-2,informacion_publica,2,2025-07-02,2025.5,informacion_publica
RI-P01,informacion_publica,2,2022-07-07,2022.5,informacion_publica
MA-P03-2,informacion_publica,2,2026-04-27,2026.25,informacion_publica
MA-P08,autorizacion,3,2026-07-31,2026.5,autorizacion
CM-P07,inicio,1,2026-06-15,2026.4166666666667,inicio
CA-P03,informacion_publica,2,2026-07-22,2026.5,informacion_publica
CA-P02,informacion_publica,2,2026-08-05,2026.5833333333333,informacion_publica
AR-P12,informacion_publica,2,2026-02-05,2026.0833333333333,informacion_publica
MA-P03,autorizacion,3,2020-05-26,2020.3333333333333,autorizacion
MA-P02,autorizacion,3,2025-03-11,2025.1666666666667,autorizacion
AR-P10-3,informacion_publica,2,2025-12-17,2025.9166666666667,informacion_publica
CT-P04,informacion_publica,2,2023-12-19,2023.9166666666667,informacion_publica
CT-P01,,,,,
IB-P01,autorizacion,3,2020-07-16,2020.5,autorizacion
IB-P02,autorizacion,3,2021-11-16,2021.8333333333333,autorizacion
IB-P03,autorizacion,3,2026-05-05,2026.3333333333333,autorizacion
MA-P01,autorizacion,3,2025-05-16,2025.3333333333333,autorizacion
CT-P03,informacion_publica,2,2026-07-16,2026.5,informacion_publica
CT-P02-2,informacion_publica,2,2025-10-01,2025.75,informacion_publica
GA-P01,autorizacion,3,2026-02-16,2026.0833333333333,autorizacion
CB-P06,inicio,1,2026-05-07,2026.3333333333333,inicio
MA-P06,autorizacion,3,2025-06-27,2025.4166666666667,autorizacion
MA-P01-2,autorizacion,3,2025-04-25,2025.25,autorizacion
CM-P12,anuncio,0,2026-08-19,2026.5833333333333,anuncio
MA-P14,informacion_publica,2,2026-02-10,2026.0833333333333,informacion_publica
MA-P13,inicio,1,2026-03-06,2026.1666666666667,inicio
MA-P12,inicio,1,2026-02-16,2026.0833333333333,inicio
AR-P11-2,inicio,1,2025-08-20,2025.5833333333333,inicio
MA-P07,informacion_publica,2,2026-01-12,2026.0,informacion_publica
MA-P03-4,inicio,1,2024-11-22,2024.8333333333333,inicio
MA-P18,autorizacion,3,2026-01-30,2026.0,autorizacion
AR-P09-3,inicio,1,2026-03-20,2026.1666666666667,inicio
CT-P01-4,autorizacion,3,2026-09-29,2026.6666666666667,autorizacion
EX-P04,informacion_publica,2,2026-05-22,2026.3333333333333,informacion_publica
MA-P05,autorizacion,3,2026-03-05,2026.1666666666667,autorizacion
PV-P01,autorizacion,3,2023-12-22,2023.9166666666667,autorizacion
PV-P04,autorizacion,3,2026-05,2026.3333333333333,autorizacion
AR-P15,informacion_publica,2,2026-02-25,2026.0833333333333,informacion_publica
AR-P05-3,informacion_publica,2,2026-03-20,2026.1666666666667,informacion_publica
NC-P01,inicio,1,2023-12-28,2023.9166666666667,inicio
MA-P02-3,autorizacion,3,2023-02-27,2023.0833333333333,autorizacion
VC-P01,informacion_publica,2,2022-08-19,2022.5833333333333,informacion_publica
CT-P06,informacion_publica,2,2021-11-29,2021.8333333333333,informacion_publica
AR-P11-3,informacion_publica,2,2023-07-31,2023.5,informacion_publica
CB-P03,inicio,1,2023-03-30,2023.1666666666667,inicio
MA-P17,inicio,1,2025-02-26,2025.0833333333333,inicio
CO-P01,informacion_publica,2,2026-06-26,2026.4166666666667,informacion_publica
RE-P01,informacion_publica,2,2026-06-24,2026.4166666666667,informacion_publica
CT-P05,informacion_publica,2,2026-03-13,2026.1666666666667,informacion_publica
MA-P02-5,inicio,1,2026-04-29,2026.25,inicio
MA-P04,autorizacion,3,2026-05-07,2026.3333333333333,autorizacion
CM-P02,autorizacion,3,2026-04-27,2026.25,autorizacion
MA-P05-2,autorizacion,3,2022-06-06,2022.4166666666667,autorizacion
AN-P01,inicio,1,2026-06-02,2026.4166666666667,inicio
CB-P05,autorizacion,3,2023-05-12,2023.3333333333333,autorizacion
CA-P01,informacion_publica,2,2026-06-04,2026.4166666666667,informacion_publica
AR-P07-2,autorizacion,3,2024-05-17,2024.3333333333333,autorizacion
AR-P20,informacion_publica,2,2026-06-04,2026.4166666666667,informacion_publica
CB-P04,informacion_publica,2,2023-02-01,2023.0833333333333,informacion_publica
AR-P03-6,autorizacion,3,2026-03-10,2026.1666666666667,autorizacion
