ccaa,expedientes,son_cpd,oficiales,verificadas,refutadas,cita_no_verifica,con_potencia,con_mva,potencia_electrica,potencia_sin_clasificar,con_inversion,con_pem,sociedades_con_nif
Aragon,144,71,127,11,2,0,8,8,8,0,11,10,7
Madrid,56,19,54,7,0,0,3,23,2,1,2,11,4
Castilla-La Mancha,26,23,16,9,0,0,7,4,4,2,9,2,6
Pais Vasco,12,2,12,3,0,0,0,0,,,0,0,2
Cataluna,10,8,10,0,0,0,0,0,,,0,0,1
Cantabria,8,4,4,7,0,0,1,1,1,0,2,1,1
Extremadura,7,5,7,4,2,0,3,1,0,0,2,0,2
Andalucia,6,6,6,1,0,0,1,0,0,0,1,0,1
Galicia,5,4,5,0,0,0,0,0,,,2,0,2
Castilla y Leon,4,4,4,2,0,0,2,0,1,0,0,0,0
Ceuta,4,0,4,1,0,0,1,0,0,0,2,0,0
Asturias,3,1,2,3,0,0,1,0,0,0,1,0,0
Illes Balears,3,0,3,2,0,0,0,0,,,0,0,0
Comunitat Valenciana,2,1,2,0,0,0,0,0,,,0,0,0
La Rioja,1,0,1,0,0,0,0,0,,,0,0,0
Navarra,1,1,1,0,0,0,0,0,,,0,0,0
Region de Murcia,1,1,1,1,0,0,0,0,,,0,1,0
