fuente,slug,nombre,operador,mercado,municipio,cod_ine,ccaa,lat,lon,tipo_ficha,id_directorio,id_padre,fase,potencia_plena_mw,potencia_viva_mw,potencia_prevista_mw,potencia_en_obra_mw,whitespace_m2,edificio_m2,anio_operativo,tier_diseno,pue,tenencia,ficha_completa,fecha_captura,referencia,fiabilidad,url,expedientes_relacionados,expedientes_mismo_municipio
datacentermap,22at,Mediacloud Edificio Imagina,Mediacloud,barcelona,Barcelona,08019,Cataluna,41.4046898,2.1937553,Facility,5142,,Operativo,,,,,1000.0,,2013,,,Multi-tenant (mixed use),1,2026-09-16,"Data Center Map, ficha 22at, capturada 2026-09-16",PRENSA,https://www.datacentermap.com/spain/barcelona/22at/,,CTB-06;CTB-09;CTF-01;CTF-02
datacentermap,abserver-datacenter1,Axarnet Alicante,Axarnet,alicante,Alicante,03014,Comunitat Valenciana,38.288231,-0.611718,Facility,2896,,Operativo,,,,,,,,,,,1,2026-09-16,"Data Center Map, ficha abserver-datacenter1, capturada 2026-09-16",PRENSA,https://www.datacentermap.com/spain/alicante/abserver-datacenter1/,,
datacentermap,acens,acens Madrid,Acens Technologies,madrid,Alcobendas,28006,Madrid,40.5266865,-3.6607856,Facility,3213,,,,,,,6000.0,,2001,,,,1,2026-09-02,"Data Center Map, ficha acens, capturada 2026-09-02",PRENSA,https://www.datacentermap.com/spain/madrid/acens/,,MA-18;MA-19;MA-22;MA-26;MA-33;MDB-04;MDB-14;MDB-15;MDB-18;MDF-01;MDF-02;MDF-04
datacentermap,acens-barcelona,acens Barcelona,Acens Technologies,barcelona,Barcelona,08019,Cataluna,41.3788895,2.1438413,Facility,3214,,Operativo,,,,,,,,,,,1,2026-09-16,"Data Center Map, ficha acens-barcelona, capturada 2026-09-16",PRENSA,https://www.datacentermap.com/spain/barcelona/acens-barcelona/,,CTB-06;CTB-09;CTF-01;CTF-02
datacentermap,ack-dc-1,ACK DC 1,ACKSTORM,barcelona,Barcelona,08019,Cataluna,41.3493856,2.1385966,Facility,3384,3388,Operativo,,,,,,,,,,,1,2026-09-16,"Data Center Map, ficha ack-dc-1, capturada 2026-09-16",PRENSA,https://www.datacentermap.com/spain/barcelona/ack-dc-1/,,CTB-06;CTB-09;CTF-01;CTF-02
datacentermap,acs-la-puebla-de-alfinden,ACS La Puebla de Alfindén,Grupo ACS,zaragoza,La Puebla de Alfindén,50219,Aragon,41.64201425111412,-0.7528358625273484,Facility,16272,,Planned,150.0,,,,,,2027,,,,1,2026-09-02,"Data Center Map, ficha acs-la-puebla-de-alfinden, capturada 2026-09-02",PRENSA,https://www.datacentermap.com/spain/zaragoza/acs-la-puebla-de-alfinden/,AR-15;ARB-01;ARB-02;ARF-42;ARF-45;ARF-53;ARF-84;ARF-87;ARF-88,
datacentermap,adam-bcn3,Adam BCN3,Adam,barcelona,Cerdanyola del Vallès,08266,Cataluna,41.48900146321299,2.106660559808131,Facility,10196,,Under Construction,8.0,,,4.0,7500.0,12000.0,2027,,,,1,2026-09-16,"Data Center Map, ficha adam-bcn3, capturada 2026-09-16",PRENSA,https://www.datacentermap.com/spain/barcelona/adam-bcn3/,,CTB-04;CTB-05
datacentermap,adam-madrid-tecnoalcal,Adam MAD TecnoAlcalá,Adam,madrid,Alcalá de Henares,28005,Madrid,40.51461790000002,-3.338639506746794,Facility,10197,,,2.0,,,,3500.0,,,Tier 3,,,1,2026-09-02,"Data Center Map, ficha adam-madrid-tecnoalcal, capturada 2026-09-02",PRENSA,https://www.datacentermap.com/spain/madrid/adam-madrid-tecnoalcal/,,MA-03;MA-04;MA-05;MA-06;MA-07;MA-23;MA-31
datacentermap,adam-ptv,Adam PTV,Adam,barcelona,Cerdanyola,08266,Cataluna,41.48975206727433,2.123263478279114,Facility,5708,,Operativo,4.0,,,,3000.0,,,,,,1,2026-09-16,"Data Center Map, ficha adam-ptv, capturada 2026-09-16",PRENSA,https://www.datacentermap.com/spain/barcelona/adam-ptv/,,CTB-04;CTB-05
datacentermap,adi-data-center-euskadi,ADI Data Center Euskadi,Atlantic Data Infrastructure (ADI),bilbao,Biscay,,,43.32921894598445,-3.085041135461779,Facility,14094,,Under Construction,1.0,,,,,,,,,,1,2026-09-16,"Data Center Map, ficha adi-data-center-euskadi, capturada 2026-09-16",PRENSA,https://www.datacentermap.com/spain/bilbao/adi-data-center-euskadi/,,
datacentermap,adi-data-center-garaia,ADI Data Center Garaia,Atlantic Data Infrastructure (ADI),bilbao,Arrasate,20055,Pais Vasco,43.06811166923387,-2.50707128544633,Facility,14095,,Under Construction,3.0,,,,5000.0,,,,,,1,2026-09-16,"Data Center Map, ficha adi-data-center-garaia, capturada 2026-09-16",PRENSA,https://www.datacentermap.com/spain/bilbao/adi-data-center-garaia/,,
datacentermap,aire-oasix-las-palmas,Grupo Aire OASIX Las Palmas,Grupo Aire | OASIX,las-palmas,Las Palmas de Gran Canaria,35016,Canarias,28.1187157,-15.4291225,Facility,10190,,Operativo,,,,,235.0,,2010,,,,1,2026-09-16,"Data Center Map, ficha aire-oasix-las-palmas, capturada 2026-09-16",PRENSA,https://www.datacentermap.com/spain/las-palmas/aire-oasix-las-palmas/,,
datacentermap,aire-oasix-madrid,Templus Madrid MAD03,Templus,madrid,Madrid,28079,Madrid,40.4388216,-3.6230475,Facility,10189,,,1.5,,,,1000.0,,,,,,1,2026-09-02,"Data Center Map, ficha aire-oasix-madrid, capturada 2026-09-02",PRENSA,https://www.datacentermap.com/spain/madrid/aire-oasix-madrid/,,MA-10;MA-12;MA-13
datacentermap,aire-oasix-valencia,Templus Valencia VAL01,Templus,valencia,Paterna (Valencia),46190,Comunitat Valenciana,39.5540749,-0.4673768,Facility,10191,,Operativo,0.6,,,,400.0,,2013,,,,1,2026-09-16,"Data Center Map, ficha aire-oasix-valencia, capturada 2026-09-16",PRENSA,https://www.datacentermap.com/spain/valencia/aire-oasix-valencia/,,
datacentermap,alcobendas-innovation-campus,Alcobendas Innovation Campus,AiOnX,madrid,Alcobendas,28006,Madrid,40.532939311276806,-3.61328135582318,Campus,19171,,Planned,500.0,,,,,,,,,Multi-tenant (data centers only),1,2026-09-16,"Data Center Map, ficha alcobendas-innovation-campus, capturada 2026-09-16",PRENSA,https://www.datacentermap.com/spain/madrid/alcobendas-innovation-campus/,,MA-18;MA-19;MA-22;MA-26;MA-33;MDB-04;MDB-14;MDB-15;MDB-18;MDF-01;MDF-02;MDF-04
datacentermap,alcobendas-innovation-campus-bldg-1,Alcobendas Innovation Campus - Bldg 1,AiOnX,madrid,Alcobendas,28006,Madrid,40.53222623240072,-3.6141014560364795,Facility,19172,19171,Planned,,,,,,,,,,Multi-tenant (data centers only),1,2026-09-16,"Data Center Map, ficha alcobendas-innovation-campus-bldg-1, capturada 2026-09-16",PRENSA,https://www.datacentermap.com/spain/madrid/alcobendas-innovation-campus-bldg-1/,,MA-18;MA-19;MA-22;MA-26;MA-33;MDB-04;MDB-14;MDB-15;MDB-18;MDF-01;MDF-02;MDF-04
datacentermap,alcobendas-innovation-campus-bldg-2,Alcobendas Innovation Campus - Bldg 2,AiOnX,madrid,Alcobendas,28006,Madrid,40.534137889389996,-3.6123393257965404,Facility,19173,19171,Planned,,,,,,,,,,Multi-tenant (data centers only),1,2026-09-16,"Data Center Map, ficha alcobendas-innovation-campus-bldg-2, capturada 2026-09-16",PRENSA,https://www.datacentermap.com/spain/madrid/alcobendas-innovation-campus-bldg-2/,,MA-18;MA-19;MA-22;MA-26;MA-33;MDB-04;MDB-14;MDB-15;MDB-18;MDF-01;MDF-02;MDF-04
datacentermap,algete-data-hub,Algete Data Hub,AVAIO Digital,madrid,Algete,28009,Madrid,40.61024398506426,-3.534388478326711,Facility,15921,,Planned,64.0,,,,,,2028,,,,1,2026-09-16,"Data Center Map, ficha algete-data-hub, capturada 2026-09-16",PRENSA,https://www.datacentermap.com/spain/madrid/algete-data-hub/,,MA-17;MA-18;MA-19;MDB-02;MDB-05;MDB-11;MDB-12;MDB-13;MDB-16
datacentermap,amazon-aws-mad-gallego,Amazon AWS MAD - Villanueva de Gállego 1,Amazon AWS,zaragoza,Villanueva de Gállego,50288,Aragon,41.7939486,-0.8475721,Facility,10698,,Operativo,,,,,,,,,,Sole-tenant,1,2026-09-16,"Data Center Map, ficha amazon-aws-mad-gallego, capturada 2026-09-16",PRENSA,https://www.datacentermap.com/spain/zaragoza/amazon-aws-mad-gallego/,AR-01;AR-02;AR-03;ARB-09;ARB-10;ARB-12;ARB-14;ARF-01;ARF-03;ARF-08;ARF-10;ARF-11;ARF-13;ARF-14;ARF-32;ARF-58,
datacentermap,amazon-aws-mad-huesca,Amazon AWS MAD - Huesca,Amazon AWS,huesca,Huesca,22125,Aragon,42.103448,-0.451664,Facility,10697,,Operativo,,,,,,,,,,Sole-tenant,1,2026-09-16,"Data Center Map, ficha amazon-aws-mad-huesca, capturada 2026-09-16",PRENSA,https://www.datacentermap.com/spain/huesca/amazon-aws-mad-huesca/,AR-01;AR-02;AR-03;AR-05;ARB-05;ARB-13;ARB-33;ARF-02;ARF-06;ARF-07;ARF-31;ARF-38;ARF-39;ARF-55,
datacentermap,amazon-aws-mad-la-puebla-de-hjar,Amazon AWS MAD - La Puebla de Híjar,Amazon AWS,zaragoza,La Puebla de Híjar,44191,Aragon,41.27358765351027,-0.4785591794776486,Facility,16902,,Planned,100.0,,,,,,,,,Sole-tenant,1,2026-09-16,"Data Center Map, ficha amazon-aws-mad-la-puebla-de-hjar, capturada 2026-09-16",PRENSA,https://www.datacentermap.com/spain/zaragoza/amazon-aws-mad-la-puebla-de-hjar/,,ARB-25
datacentermap,amazon-aws-mad-san-mateo-de-gllego,Amazon AWS MAD - San Mateo de Gállego,Amazon AWS,zaragoza,San Mateo de Gállego,50235,Aragon,41.82033514183981,-0.760419293348536,Facility,16903,,Planned,,,,,,,,,,Sole-tenant,1,2026-09-16,"Data Center Map, ficha amazon-aws-mad-san-mateo-de-gllego, capturada 2026-09-16",PRENSA,https://www.datacentermap.com/spain/zaragoza/amazon-aws-mad-san-mateo-de-gllego/,,
datacentermap,amazon-aws-mad-zaragoza,Amazon AWS MAD - El Burgo de Ebro,Amazon AWS,zaragoza,Zaragoza,50297,Aragon,41.5367317,-0.6859592,Facility,10699,,Operativo,,,,,13350.0,,,,,Sole-tenant,1,2026-09-16,"Data Center Map, ficha amazon-aws-mad-zaragoza, capturada 2026-09-16",PRENSA,https://www.datacentermap.com/spain/zaragoza/amazon-aws-mad-zaragoza/,AR-03;ARB-03;ARB-08;ARF-20;ARF-24;ARF-27;ARF-28;ARF-29;ARF-40;ARF-47;ARF-54;ARF-56;ARF-57;ARF-60;ARF-76;ARF-78;ARF-80,
datacentermap,apto-dc-madrid-building-1,Apto DC Madrid - Building 1,Apto DC,madrid,Fuenlabrada,28058,Madrid,40.2998541,-3.8143605,Facility,17023,17022,Under Construction,,,,,,,,,,,1,2026-09-16,"Data Center Map, ficha apto-dc-madrid-building-1, capturada 2026-09-16",PRENSA,https://www.datacentermap.com/spain/madrid/apto-dc-madrid-building-1/,,
datacentermap,apto-dc-madrid-building-2,Apto DC Madrid - Building 2,Apto DC,madrid,Fuenlabrada,28058,Madrid,40.300544,-3.814288,Facility,17024,17022,Planned,,,,,,,,,,,1,2026-09-16,"Data Center Map, ficha apto-dc-madrid-building-2, capturada 2026-09-16",PRENSA,https://www.datacentermap.com/spain/madrid/apto-dc-madrid-building-2/,,
datacentermap,apto-dc-madrid-building-3,Apto DC Madrid - Building 3,Apto DC,madrid,Fuenlabrada,28058,Madrid,40.301409,-3.814312,Facility,17025,17022,Planned,,,,,,,,,,,1,2026-09-16,"Data Center Map, ficha apto-dc-madrid-building-3, capturada 2026-09-16",PRENSA,https://www.datacentermap.com/spain/madrid/apto-dc-madrid-building-3/,,
datacentermap,apto-dc-madrid-building-4,Apto DC Madrid - Building 4,Apto DC,madrid,Fuenlabrada,28058,Madrid,40.30221,-3.814329,Facility,17026,17022,Planned,,,,,,,,,,,1,2026-09-16,"Data Center Map, ficha apto-dc-madrid-building-4, capturada 2026-09-16",PRENSA,https://www.datacentermap.com/spain/madrid/apto-dc-madrid-building-4/,,
datacentermap,apto-dc-madrid-building-5,Apto DC Madrid - Building 5,Apto DC,madrid,Fuenlabrada,28058,Madrid,40.30308,-3.81426,Facility,17027,17022,Planned,,,,,,,,,,,1,2026-09-16,"Data Center Map, ficha apto-dc-madrid-building-5, capturada 2026-09-16",PRENSA,https://www.datacentermap.com/spain/madrid/apto-dc-madrid-building-5/,,
datacentermap,apto-dc-madrid-campus,Apto DC Madrid Campus,Apto DC,madrid,Fuenlabrada,28058,Madrid,40.30140496141672,-3.816576797070155,Campus,17022,,Under Construction,240.0,,,,,,,,,,1,2026-09-16,"Data Center Map, ficha apto-dc-madrid-campus, capturada 2026-09-16",PRENSA,https://www.datacentermap.com/spain/madrid/apto-dc-madrid-campus/,,
datacentermap,aq-compute-aq-bcn1,hscale BCN1,hscale,barcelona,Cerdanyola del Vallès,08266,Cataluna,41.485334,2.10878,Facility,9761,,Under Construction,50.0,,,10.0,,,2026,,1.23,Multi-tenant (data centers only),1,2026-09-16,"Data Center Map, ficha aq-compute-aq-bcn1, capturada 2026-09-16",PRENSA,https://www.datacentermap.com/spain/barcelona/aq-compute-aq-bcn1/,,CTB-04;CTB-05
datacentermap,area-project,AREA PROJECT,Area Project Solutions S.L.,albacete,Albacete,02003,Castilla-La Mancha,38.977302,-1.857473,Facility,3905,,,,,,,100.0,,2009,,,,1,2026-09-02,"Data Center Map, ficha area-project, capturada 2026-09-02",PRENSA,https://www.datacentermap.com/spain/albacete/area-project/,,
datacentermap,ark-data-centres-barcelona,Ark Data Centres - Barcelona,Ark Data Centres,barcelona,Sant Andreu,08019,Cataluna,41.44155079999999,2.2003055,Facility,17085,,Planned,45.0,,,,,,,,,Sole-tenant,1,2026-09-16,"Data Center Map, ficha ark-data-centres-barcelona, capturada 2026-09-16",PRENSA,https://www.datacentermap.com/spain/barcelona/ark-data-centres-barcelona/,,CTB-06;CTB-09;CTF-01;CTF-02
datacentermap,arsys,Arsys Logroño Data Center Portalada,Arsys Internet S.L.,logrono,Logroño,26089,La Rioja,42.456964,-2.3976424,Facility,1714,,Operativo,,,,,1000.0,6000.0,2009,,1.25,,1,2026-09-16,"Data Center Map, ficha arsys, capturada 2026-09-16",PRENSA,https://www.datacentermap.com/spain/logrono/arsys/,,
datacentermap,asac1,ASAC 1,ASAC Comunicaciones,oviedo,Llanera,33035,Asturias,43.44245025885299,-5.817089080810547,Facility,4779,,Operativo,,,,,,,,,,,1,2026-09-16,"Data Center Map, ficha asac1, capturada 2026-09-16",PRENSA,https://www.datacentermap.com/spain/oviedo/asac1/,,
datacentermap,asac2,ASAC 2,ASAC Comunicaciones,oviedo,Posada,33035,Asturias,43.43930308294766,-5.851120948791504,Facility,4780,,Operativo,,,,,,,,,,,1,2026-09-16,"Data Center Map, ficha asac2, capturada 2026-09-16",PRENSA,https://www.datacentermap.com/spain/oviedo/asac2/,,
datacentermap,atlasedge-bcn002,AtlasEdge BCN002,AtlasEdge,barcelona,Sant Adrià de Besòs,08194,Cataluna,41.3982037,2.1590872,Facility,15055,,Planned,,,,,,,,,,,1,2026-09-16,"Data Center Map, ficha atlasedge-bcn002, capturada 2026-09-16",PRENSA,https://www.datacentermap.com/spain/barcelona/atlasedge-bcn002/,,
datacentermap,av-del-maresme-43-bcn1,"Av. del Maresme, 43 (BCN1)",Digital Realty,barcelona,Sant Adrià del Besòs,08194,Cataluna,41.42949326515635,2.232093356358327,Facility,15559,,Operativo,15.0,14.0,,,7500.0,18000.0,2026,,,,1,2026-09-16,"Data Center Map, ficha av-del-maresme-43-bcn1, capturada 2026-09-16",PRENSA,https://www.datacentermap.com/spain/barcelona/av-del-maresme-43-bcn1/,,
datacentermap,avangreen-data-center-ceuta,Avangreen Data Center Ceuta,Avangreen,ceuta,Ceuta,51001,Ceuta,35.89733367407818,-5.328814098107328,Facility,14108,,Under Construction,2.4,,,1.2,2450.0,,,,,,1,2026-09-16,"Data Center Map, ficha avangreen-data-center-ceuta, capturada 2026-09-16",PRENSA,https://www.datacentermap.com/spain/ceuta/avangreen-data-center-ceuta/,,CE-01;CE-02;CE-03;CE-04
datacentermap,axion-data-center-sevilla,Axion Data Center Sevilla,Axión,sevilla,Valencina de la Concepción,41096,Andalucia,37.4134856840267,-6.067110997881818,Facility,14109,,Operativo,,,,,,,,,,,1,2026-09-16,"Data Center Map, ficha axion-data-center-sevilla, capturada 2026-09-16",PRENSA,https://www.datacentermap.com/spain/sevilla/axion-data-center-sevilla/,,
datacentermap,barcelona,Adam BCN,Adam,barcelona,Barcelona,08019,Cataluna,41.408959,2.170111,Facility,2946,,Operativo,1.5,,,,600.0,,2001,,,,1,2026-09-16,"Data Center Map, ficha barcelona, capturada 2026-09-16",PRENSA,https://www.datacentermap.com/spain/barcelona/barcelona/,,CTB-06;CTB-09;CTF-01;CTF-02
datacentermap,bitnap-barcelona-01,Templus Barcelona BCN01,Templus,barcelona,LHospitalet de LLobregat,08101,Cataluna,41.3488309,2.1295483,Facility,5946,,Operativo,1.7,,,,3000.0,4500.0,2015,,1.14,Sole-tenant,1,2026-09-16,"Data Center Map, ficha bitnap-barcelona-01, capturada 2026-09-16",PRENSA,https://www.datacentermap.com/spain/barcelona/bitnap-barcelona-01/,,
datacentermap,box2bit-axis-east,Box2bit AXIS East,Box2bit,guadalajara-es,Torija,19274,Castilla-La Mancha,40.74964008489105,-3.031193523727113,Facility,14717,,Planned,,,,,200000.0,,,,,,1,2026-09-02,"Data Center Map, ficha box2bit-axis-east, capturada 2026-09-02",PRENSA,https://www.datacentermap.com/spain/guadalajara-es/box2bit-axis-east/,CLM-19;CLM-20,
datacentermap,box2bit-axis-south,Box2bit AXIS South,Box2bit,toledo-es,Recas,45145,Castilla-La Mancha,40.0537177,-3.990394,Facility,14718,,Planned,,,,,134000.0,,,,,,1,2026-09-02,"Data Center Map, ficha box2bit-axis-south, capturada 2026-09-02",PRENSA,https://www.datacentermap.com/spain/toledo-es/box2bit-axis-south/,CLM-21,
datacentermap,box2bit-calatayud,Box2bit Calatayud,Box2bit,zaragoza,Calatayud,50067,Aragon,41.33231059121783,-1.636404085226133,Facility,14719,,Planned,,,,,400000.0,,,,,,1,2026-09-16,"Data Center Map, ficha box2bit-calatayud, capturada 2026-09-16",PRENSA,https://www.datacentermap.com/spain/zaragoza/box2bit-calatayud/,,
datacentermap,box2bit-malaga,Box2bit Malaga,Box2bit,malaga,Cruz de Humilladero,29067,Andalucia,36.71057887203087,-4.474671896077584,Facility,14716,,Planned,,,,,12770.0,15000.0,,,,,1,2026-09-16,"Data Center Map, ficha box2bit-malaga, capturada 2026-09-16",PRENSA,https://www.datacentermap.com/spain/malaga/box2bit-malaga/,,ANF-01
datacentermap,c-acer-5-9,c/Acer 5-9,Principal Global Investors,barcelona,Barcelona,08019,Cataluna,41.3493993,2.138583,Multi-Tenant Building,3388,,Operativo,,,,,,,,,,,1,2026-09-16,"Data Center Map, ficha c-acer-5-9, capturada 2026-09-16",PRENSA,https://www.datacentermap.com/spain/barcelona/c-acer-5-9/,,CTB-06;CTB-09;CTF-01;CTF-02
datacentermap,calle-de-alcal-mad5,Calle de Alcalá (MAD5),Digital Realty,madrid,San Blas-Canillejas,28079,Madrid,40.43932360960966,-3.630479964281051,Facility,15645,,Planned,24.0,,,,,,,,,,1,2026-09-02,"Data Center Map, ficha calle-de-alcal-mad5, capturada 2026-09-02",PRENSA,https://www.datacentermap.com/spain/madrid/calle-de-alcal-mad5/,MA-13,
datacentermap,campus-data-navarra,Campus Data Navarra,Grupo VDR,pamplona,Gazólaz,31076,Navarra,42.78103116416708,-1.710364176307252,Campus,14839,,Planned,300.0,,,,,200000.0,,,,,1,2026-09-16,"Data Center Map, ficha campus-data-navarra, capturada 2026-09-16",PRENSA,https://www.datacentermap.com/spain/pamplona/campus-data-navarra/,,
datacentermap,campus-data-navarra-bldg-1,Campus Data Navarra - Bldg 1,Grupo VDR,pamplona,Gazólaz,31076,Navarra,42.7812696,-1.7100724,Facility,14840,14839,Planned,50.0,,,,,,,,,,1,2026-09-16,"Data Center Map, ficha campus-data-navarra-bldg-1, capturada 2026-09-16",PRENSA,https://www.datacentermap.com/spain/pamplona/campus-data-navarra-bldg-1/,,
datacentermap,campus-data-navarra-bldg-2,Campus Data Navarra - Bldg 2,Grupo VDR,pamplona,Gazólaz,31076,Navarra,42.7803811,-1.7111346,Facility,14841,14839,Planned,100.0,,,,,,,,,,1,2026-09-16,"Data Center Map, ficha campus-data-navarra-bldg-2, capturada 2026-09-16",PRENSA,https://www.datacentermap.com/spain/pamplona/campus-data-navarra-bldg-2/,,
datacentermap,campus-data-navarra-bldg-3,Campus Data Navarra - Bldg 3,Grupo VDR,pamplona,Gazólaz,31076,Navarra,42.7805533,-1.7076495,Facility,14842,14839,Planned,100.0,,,,,,,,,,1,2026-09-16,"Data Center Map, ficha campus-data-navarra-bldg-3, capturada 2026-09-16",PRENSA,https://www.datacentermap.com/spain/pamplona/campus-data-navarra-bldg-3/,,
datacentermap,campus-data-navarra-bldg-4,Campus Data Navarra - Bldg 4,Grupo VDR,pamplona,Gazólaz,31076,Navarra,42.7791214,-1.7088727,Facility,14843,14839,Planned,100.0,,,,,,,,,,1,2026-09-16,"Data Center Map, ficha campus-data-navarra-bldg-4, capturada 2026-09-16",PRENSA,https://www.datacentermap.com/spain/pamplona/campus-data-navarra-bldg-4/,,
datacentermap,carrierhouse-barcelona,Equinix BA1,Equinix,barcelona,Barcelona,08019,Cataluna,41.3517512,2.1369172,Facility,1434,,Operativo,,,,,,,,,,,1,2026-09-16,"Data Center Map, ficha carrierhouse-barcelona, capturada 2026-09-16",PRENSA,https://www.datacentermap.com/spain/barcelona/carrierhouse-barcelona/,,CTB-06;CTB-09;CTF-01;CTF-02
datacentermap,carrierhouse-madrid,Equinix MD1,Equinix,madrid,Madrid,28079,Madrid,40.5135067,-3.6718825,Facility,1433,,,,,,,1736.0,,,,,Multi-tenant (mixed use),1,2026-09-02,"Data Center Map, ficha carrierhouse-madrid, capturada 2026-09-02",PRENSA,https://www.datacentermap.com/spain/madrid/carrierhouse-madrid/,,MA-10;MA-12;MA-13
datacentermap,carrierhouse-madrid2,Equinix MD2,Equinix,madrid,Alcobendas,28006,Madrid,40.5368374,-3.6486581,Facility,1431,,,,,,,15000.0,,1998,Tier 4,,Sole-tenant,1,2026-09-02,"Data Center Map, ficha carrierhouse-madrid2, capturada 2026-09-02",PRENSA,https://www.datacentermap.com/spain/madrid/carrierhouse-madrid2/,MA-18;MA-22;MDB-18,
datacentermap,centro-de-datos,Centro de Datos,Acens Technologies,barcelona,Barcelona,08019,Cataluna,41.3517512,2.1369172,Facility,2191,1297,Operativo,,,,,,,,,,,1,2026-09-16,"Data Center Map, ficha centro-de-datos, capturada 2026-09-16",PRENSA,https://www.datacentermap.com/spain/barcelona/centro-de-datos/,,CTB-06;CTB-09;CTF-01;CTF-02
datacentermap,cisco-real-madrid-city,Cisco Real Madrid City,Cisco Systems,madrid,Valdebebas,28079,Madrid,40.4800251,-3.6126971,Facility,15083,,Planned,,,,,,,,,,Multi-tenant (mixed use),1,2026-09-16,"Data Center Map, ficha cisco-real-madrid-city, capturada 2026-09-16",PRENSA,https://www.datacentermap.com/spain/madrid/cisco-real-madrid-city/,,MA-10;MA-12;MA-13
datacentermap,civicos-networking,Civicos Networking - La Palma,Civicos Networking,los-llanos,Los Llanos de Aridane,38024,Canarias,28.6590914,-17.9081031,Facility,7608,,Operativo,,,,,,,,,,,1,2026-09-16,"Data Center Map, ficha civicos-networking, capturada 2026-09-16",PRENSA,https://www.datacentermap.com/spain/los-llanos/civicos-networking/,,
datacentermap,civicos-networking-lanzarote,Civicos Networking - Arrecife,Civicos Networking,arrecife,Arrecife,35004,Canarias,28.96390563241804,-13.55073784168621,Facility,7607,,Operativo,,,,,,,,,,,1,2026-09-16,"Data Center Map, ficha civicos-networking-lanzarote, capturada 2026-09-16",PRENSA,https://www.datacentermap.com/spain/arrecife/civicos-networking-lanzarote/,,
datacentermap,civicos-networking-madrid,Civicos Networking - Madrid,Civicos Networking,madrid,San Blas-Canillejas,28079,Madrid,40.4402561,-3.623418,Facility,11779,12634,Operativo,,,,,,,,,,,1,2026-09-16,"Data Center Map, ficha civicos-networking-madrid, capturada 2026-09-16",PRENSA,https://www.datacentermap.com/spain/madrid/civicos-networking-madrid/,,MA-10;MA-12;MA-13
datacentermap,civicos-networking-main,Civicos Networking - La Laguna,Civicos Networking,santa-cruz-de-tenerife,San Cristóbal de La Laguna,38023,Canarias,28.4769965,-16.3121439,Facility,3311,,Operativo,,,,,,,,,,,1,2026-09-16,"Data Center Map, ficha civicos-networking-main, capturada 2026-09-16",PRENSA,https://www.datacentermap.com/spain/santa-cruz-de-tenerife/civicos-networking-main/,,
datacentermap,cloud-center-andalucia,Cloud Center Andalucia,Trevenque Cloud,granada,Granada,18087,Andalucia,37.20071460234197,-3.656902313232422,Facility,4003,,Operativo,,,,,800.0,1000.0,,,,Sole-tenant,1,2026-09-16,"Data Center Map, ficha cloud-center-andalucia, capturada 2026-09-16",PRENSA,https://www.datacentermap.com/spain/granada/cloud-center-andalucia/,,
datacentermap,cogent-madrid,Cogent Data Center - Madrid,"Cogent Communications, Inc.",madrid,Madrid,28079,Madrid,40.564591,-3.5979872,Facility,7398,,,0.4,0.4,,,500.0,,,,,,1,2026-09-02,"Data Center Map, ficha cogent-madrid, capturada 2026-09-02",PRENSA,https://www.datacentermap.com/spain/madrid/cogent-madrid/,,MA-10;MA-12;MA-13
datacentermap,colt-barcelona1,Templus Barcelona BCN02,Templus,barcelona,Barcelona,08019,Cataluna,41.3494647,2.1387619,Facility,4667,3388,Operativo,8.0,,,,2100.0,,2000,,,,1,2026-09-16,"Data Center Map, ficha colt-barcelona1, capturada 2026-09-16",PRENSA,https://www.datacentermap.com/spain/barcelona/colt-barcelona1/,,CTB-06;CTB-09;CTF-01;CTF-02
datacentermap,colt-madrid1,Templus Madrid MAD02,Templus,madrid,Madrid,28079,Madrid,40.486666,-3.6648302,Facility,4668,,,3.2,1.8,,,1800.0,2400.0,,,,,1,2026-09-02,"Data Center Map, ficha colt-madrid1, capturada 2026-09-02",PRENSA,https://www.datacentermap.com/spain/madrid/colt-madrid1/,,MA-10;MA-12;MA-13
datacentermap,comvive-datacenter,Sevilla Data Center,"Comvive Servidores, S.L.",sevilla,Seville,,,37.48470034109948,-5.930390954017639,Facility,7069,,Operativo,1.0,,,,120.0,,2017,,,,1,2026-09-16,"Data Center Map, ficha comvive-datacenter, capturada 2026-09-16",PRENSA,https://www.datacentermap.com/spain/sevilla/comvive-datacenter/,,
datacentermap,cordoba-datacenter,CORDOBA DATACENTER // TICNEXT,CORDOBA DATACENTER // TICNEXT,cordoba-es,Córdoba,14021,Andalucia,37.8515257,-4.7991886,Facility,12808,,Operativo,,,,,,,2018,,1.2,Sole-tenant,1,2026-09-16,"Data Center Map, ficha cordoba-datacenter, capturada 2026-09-16",PRENSA,https://www.datacentermap.com/spain/cordoba-es/cordoba-datacenter/,,
datacentermap,cyberneticos-cpd,Cyberneticos CPD,CyberNETicos Hosting,cadiz,El Puerto de Sta María,11027,Andalucia,36.60934941773561,-6.195280324549742,Facility,14541,,Operativo,,,,,,,,,,,1,2026-09-16,"Data Center Map, ficha cyberneticos-cpd, capturada 2026-09-16",PRENSA,https://www.datacentermap.com/spain/cadiz/cyberneticos-cpd/,,
datacentermap,cyrusone-mad1,CyrusOne MAD1 - Alcobendas,CyrusOne Data Centers,madrid,Alcobendas,28006,Madrid,40.53534060745897,-3.660135520953157,Facility,9435,,,18.0,,,,6000.0,,2024,Tier 3,,Sole-tenant,1,2026-09-02,"Data Center Map, ficha cyrusone-mad1, capturada 2026-09-02",PRENSA,https://www.datacentermap.com/spain/madrid/cyrusone-mad1/,,MA-18;MA-19;MA-22;MA-26;MA-33;MDB-04;MDB-14;MDB-15;MDB-18;MDF-01;MDF-02;MDF-04
datacentermap,d-alix,D-ALiX Datacenter,D-ALiX,santa-cruz-de-tenerife,Granadilla de Abona,38017,Canarias,28.069406,-16.5113444,Facility,3509,,Operativo,5.0,,,,2000.0,,2011,,,,1,2026-09-16,"Data Center Map, ficha d-alix, capturada 2026-09-16",PRENSA,https://www.datacentermap.com/spain/santa-cruz-de-tenerife/d-alix/,,
datacentermap,dantia-cloud-data-center,DANTIA Cloud Data Center,DANTIA Tecnología,cadiz,Jerez de la Frontera,11020,Andalucia,36.71168705820098,-6.122161492517449,Facility,11972,,Operativo,,,,,,,,,,,1,2026-09-16,"Data Center Map, ficha dantia-cloud-data-center, capturada 2026-09-16",PRENSA,https://www.datacentermap.com/spain/cadiz/dantia-cloud-data-center/,,
datacentermap,data-rush,DataRush Malaga I,DataRush IT Services,malaga,Malaga,29067,Andalucia,36.6976228,-4.4821553,Facility,4899,,Operativo,,,,,40.0,,2013,,,Sole-tenant,1,2026-09-16,"Data Center Map, ficha data-rush, capturada 2026-09-16",PRENSA,https://www.datacentermap.com/spain/malaga/data-rush/,,ANF-01
datacentermap,data4-madrid-mad01-dc1,DATA4 Madrid MAD01-DC1,DATA4,madrid,Alcobendas,28006,Madrid,40.53394093473014,-3.648549698866077,Facility,17671,7773,Operativo,14.0,,,,6500.0,,2020,,,Multi-tenant (data centers only),1,2026-09-16,"Data Center Map, ficha data4-madrid-mad01-dc1, capturada 2026-09-16",PRENSA,https://www.datacentermap.com/spain/madrid/data4-madrid-mad01-dc1/,,MA-18;MA-19;MA-22;MA-26;MA-33;MDB-04;MDB-14;MDB-15;MDB-18;MDF-01;MDF-02;MDF-04
datacentermap,data4-madrid-mad01-dc2,DATA4 Madrid MAD01-DC2,DATA4,madrid,Alcobendas,28006,Madrid,40.5343228073088,-3.646906984836875,Facility,17672,7773,Operativo,6.6,,,,3000.0,,2022,,,Multi-tenant (data centers only),1,2026-09-16,"Data Center Map, ficha data4-madrid-mad01-dc2, capturada 2026-09-16",PRENSA,https://www.datacentermap.com/spain/madrid/data4-madrid-mad01-dc2/,,MA-18;MA-19;MA-22;MA-26;MA-33;MDB-04;MDB-14;MDB-15;MDB-18;MDF-01;MDF-02;MDF-04
datacentermap,data4-madrid-mad01-dc3,DATA4 Madrid MAD01-DC3,DATA4,madrid,Alcobendas,28006,Madrid,40.53444375535847,-3.649008523767407,Facility,17673,7773,Operativo,6.6,,,,3000.0,,2024,,,Multi-tenant (data centers only),1,2026-09-16,"Data Center Map, ficha data4-madrid-mad01-dc3, capturada 2026-09-16",PRENSA,https://www.datacentermap.com/spain/madrid/data4-madrid-mad01-dc3/,,MA-18;MA-19;MA-22;MA-26;MA-33;MDB-04;MDB-14;MDB-15;MDB-18;MDF-01;MDF-02;MDF-04
datacentermap,data4-madrid-mad02-dc1,DATA4 Madrid MAD02-DC1,DATA4,madrid,San Agustín del Guadalix,28129,Madrid,40.6702329821056,-3.607909595146111,Facility,17704,9748,Operativo,12.5,,,,4200.0,,,,,Multi-tenant (data centers only),1,2026-09-16,"Data Center Map, ficha data4-madrid-mad02-dc1, capturada 2026-09-16",PRENSA,https://www.datacentermap.com/spain/madrid/data4-madrid-mad02-dc1/,MA-14;MA-16;MA-17,
datacentermap,data4-madrid-mad02-dc2,DATA4 Madrid MAD02-DC2,DATA4,madrid,San Agustín del Guadalix,28129,Madrid,40.67027502417343,-3.606760392968681,Facility,17705,9748,Operativo,12.5,,,,4200.0,,,,,Multi-tenant (data centers only),1,2026-09-16,"Data Center Map, ficha data4-madrid-mad02-dc2, capturada 2026-09-16",PRENSA,https://www.datacentermap.com/spain/madrid/data4-madrid-mad02-dc2/,MA-14;MA-16;MA-17,
datacentermap,data4-madrid-mad02-dc3,DATA4 Madrid MAD02-DC3,DATA4,madrid,San Agustín del Guadalix,28129,Madrid,40.67093880105918,-3.60688469016668,Facility,17706,9748,Under Construction,12.5,,,,4200.0,,,,,Multi-tenant (data centers only),1,2026-09-16,"Data Center Map, ficha data4-madrid-mad02-dc3, capturada 2026-09-16",PRENSA,https://www.datacentermap.com/spain/madrid/data4-madrid-mad02-dc3/,MA-14;MA-16;MA-17,
datacentermap,data4-madrid-mad02-dc4,DATA4 Madrid MAD02-DC4,DATA4,madrid,San Agustín del Guadalix,28129,Madrid,40.6710595021604,-3.607924105763942,Facility,17707,9748,Under Construction,12.5,,,,4200.0,,,,,Multi-tenant (data centers only),1,2026-09-16,"Data Center Map, ficha data4-madrid-mad02-dc4, capturada 2026-09-16",PRENSA,https://www.datacentermap.com/spain/madrid/data4-madrid-mad02-dc4/,MA-14;MA-16;MA-17,
datacentermap,data4-madrid-mad2,DATA4 Madrid Campus MAD02,DATA4,madrid,San Agustín del Guadalix,28129,Madrid,40.6706326,-3.6074001,Campus,9748,,,50.0,,,,,,,,,Multi-tenant (data centers only),1,2026-09-02,"Data Center Map, ficha data4-madrid-mad2, capturada 2026-09-02",PRENSA,https://www.datacentermap.com/spain/madrid/data4-madrid-mad2/,MA-14;MA-16;MA-17,
datacentermap,data4-madrid-spain,DATA4 Madrid Campus MAD01,DATA4,madrid,Alcobendas,28006,Madrid,40.5340852,-3.6476245,Campus,7773,,,70.0,,,,,,2020,,,Multi-tenant (data centers only),1,2026-09-02,"Data Center Map, ficha data4-madrid-spain, capturada 2026-09-02",PRENSA,https://www.datacentermap.com/spain/madrid/data4-madrid-spain/,,MA-18;MA-19;MA-22;MA-26;MA-33;MDB-04;MDB-14;MDB-15;MDB-18;MDF-01;MDF-02;MDF-04
datacentermap,datarush-malaga-ii,DataRush Malaga II,DataRush IT Services,malaga,Málaga,29067,Andalucia,36.69636328852297,-4.494829879670277,Facility,11718,,Operativo,,,,,,,2024,,,Multi-tenant (mixed use),1,2026-09-16,"Data Center Map, ficha datarush-malaga-ii, capturada 2026-09-16",PRENSA,https://www.datacentermap.com/spain/malaga/datarush-malaga-ii/,,ANF-01
datacentermap,dayone-aragon,DayOne Aragon,DayOne,zaragoza,Escatrón,50101,Aragon,41.27769012820815,-0.2239216836045728,Facility,17940,,Planned,300.0,,,,,,,,,Sole-tenant,1,2026-09-16,"Data Center Map, ficha dayone-aragon, capturada 2026-09-16",PRENSA,https://www.datacentermap.com/spain/zaragoza/dayone-aragon/,,
datacentermap,dc-icm-1,ICM Datacenter,ICM,barcelona,Barcelona,08019,Cataluna,41.3493751,2.138585,Facility,2360,3388,Operativo,,,,,,,,,,,1,2026-09-16,"Data Center Map, ficha dc-icm-1, capturada 2026-09-16",PRENSA,https://www.datacentermap.com/spain/barcelona/dc-icm-1/,,CTB-06;CTB-09;CTF-01;CTF-02
datacentermap,dc-sevilla,Templus Sevilla SEV01,Templus,sevilla,Seville,,,37.3963063,-5.9480417,Facility,5955,,Operativo,1.0,,,,370.0,,,,,Multi-tenant (mixed use),1,2026-09-16,"Data Center Map, ficha dc-sevilla, capturada 2026-09-16",PRENSA,https://www.datacentermap.com/spain/sevilla/dc-sevilla/,,
datacentermap,digital-realty-madrid-mad4,Calle de Alfonso Gómez 4 (MAD4),Digital Realty,madrid,Madrid,28079,Madrid,40.4384117,-3.6297517,Facility,9846,,,5.0,,,,35000.0,,,No,,Sole-tenant,1,2026-09-02,"Data Center Map, ficha digital-realty-madrid-mad4, capturada 2026-09-02",PRENSA,https://www.datacentermap.com/spain/madrid/digital-realty-madrid-mad4/,MA-13,
datacentermap,digital-valley-asturias,Digital Valley Asturias,S4U (Sales for You Consulting),oviedo,Salas,33059,Asturias,43.401472718142806,-6.244875382655343,Facility,18776,,Planned,120.0,,,,,46865.0,2030,,,Multi-tenant (data centers only),1,2026-09-16,"Data Center Map, ficha digital-valley-asturias, capturada 2026-09-16",PRENSA,https://www.datacentermap.com/spain/oviedo/digital-valley-asturias/,AS-01,
datacentermap,digital-value,Digital Value Data Center,DIGITAL VALUE,valencia,Valencia,46250,Comunitat Valenciana,39.4477218,-0.3701178,Facility,5711,,Operativo,3.0,,,,150.0,500.0,,,,Multi-tenant (mixed use),1,2026-09-16,"Data Center Map, ficha digital-value, capturada 2026-09-16",PRENSA,https://www.datacentermap.com/spain/valencia/digital-value/,,VCV-01
datacentermap,dxc-zaragoza-data-center,DXC Zaragoza Data Center,DXC Technology,zaragoza,Zaragoza,50297,Aragon,41.65498814391853,-0.9908677388110618,Facility,15111,,Operativo,,,,,,,,,,,1,2026-09-16,"Data Center Map, ficha dxc-zaragoza-data-center, capturada 2026-09-16",PRENSA,https://www.datacentermap.com/spain/zaragoza/dxc-zaragoza-data-center/,,AR-03;AR-07;AR-08;AR-09;AR-17;ARB-03;ARB-08;ARB-41;ARF-04;ARF-05;ARF-20;ARF-24;ARF-27;ARF-28;ARF-29;ARF-30;ARF-40;ARF-44;ARF-47;ARF-50;ARF-54;ARF-56;ARF-57;ARF-60;ARF-66;ARF-74;ARF-76;ARF-78;ARF-80
datacentermap,econocom-madrid,Econocom Madrid,Econocom,madrid,Madrid,28079,Madrid,40.4667791,-3.671633,Facility,14545,,Operativo,,,,,,,,,,,1,2026-09-16,"Data Center Map, ficha econocom-madrid, capturada 2026-09-16",PRENSA,https://www.datacentermap.com/spain/madrid/econocom-madrid/,,MA-10;MA-12;MA-13
datacentermap,edgeconnex-bcn01,EdgeConneX Barcelona - EDCBCN01,EdgeConneX,barcelona,Viladecans,08301,Cataluna,41.3246083,2.0333297,Facility,9548,,Operativo,8.4,,,,3000.0,,2021,,,,1,2026-09-16,"Data Center Map, ficha edgeconnex-bcn01, capturada 2026-09-16",PRENSA,https://www.datacentermap.com/spain/barcelona/edgeconnex-bcn01/,,
datacentermap,edged-barcelona,Edged Barcelona,Edged Energy,barcelona,Barcelona,08019,Cataluna,41.3418838,2.1294922,Facility,11129,,Operativo,16.0,,,,,,2025,,1.15,,1,2026-09-16,"Data Center Map, ficha edged-barcelona, capturada 2026-09-16",PRENSA,https://www.datacentermap.com/spain/barcelona/edged-barcelona/,,CTB-06;CTB-09;CTF-01;CTF-02
datacentermap,edged-bilbao-arasur-bil01,Edged Bilbao-Arasur BIL01,Edged Energy,bilbao,Rivabellosa,01047,Pais Vasco,42.69825956714848,-2.910359005474135,Facility,11131,11130,Under Construction,48.0,,,,,,,,1.15,Multi-tenant (data centers only),1,2026-09-16,"Data Center Map, ficha edged-bilbao-arasur-bil01, capturada 2026-09-16",PRENSA,https://www.datacentermap.com/spain/bilbao/edged-bilbao-arasur-bil01/,PV-01;PVF-02;PVF-03,
datacentermap,edged-bilbao-arasur-bil02,Edged Bilbao-Arasur BIL02,Edged Energy,bilbao,Rivabellosa,01047,Pais Vasco,42.69881088832656,-2.907312256278402,Facility,11132,11130,Under Construction,48.0,,,,,,,,1.15,Multi-tenant (data centers only),1,2026-09-16,"Data Center Map, ficha edged-bilbao-arasur-bil02, capturada 2026-09-16",PRENSA,https://www.datacentermap.com/spain/bilbao/edged-bilbao-arasur-bil02/,PV-01;PVF-02;PVF-03,
datacentermap,edged-bilbao-arasur-bil03,Edged Bilbao-Arasur BIL03,Edged Energy,bilbao,Rivabellosa,01047,Pais Vasco,42.69928783514868,-2.904787078863791,Facility,11133,11130,Operativo,22.0,,,,,23640.0,2024,,1.15,Multi-tenant (data centers only),1,2026-09-16,"Data Center Map, ficha edged-bilbao-arasur-bil03, capturada 2026-09-16",PRENSA,https://www.datacentermap.com/spain/bilbao/edged-bilbao-arasur-bil03/,PV-01;PVF-02;PVF-03,
datacentermap,edged-bilbao-arasur-campus,Edged Bilbao-Arasur Campus,Edged Energy,bilbao,Rivabellosa,01047,Pais Vasco,42.698488,-2.908634,Campus,11130,,Operativo,130.0,,,,,,,,,Multi-tenant (data centers only),1,2026-09-16,"Data Center Map, ficha edged-bilbao-arasur-campus, capturada 2026-09-16",PRENSA,https://www.datacentermap.com/spain/bilbao/edged-bilbao-arasur-campus/,PV-01;PVF-02;PVF-03,
datacentermap,edged-madrid-getafe,Edged Madrid-Getafe,Edged Energy,madrid,Getafe,28065,Madrid,40.31104657762552,-3.693449881720596,Facility,11128,,,20.0,,,,,22900.0,,Tier 3,1.15,,1,2026-09-02,"Data Center Map, ficha edged-madrid-getafe, capturada 2026-09-02",PRENSA,https://www.datacentermap.com/spain/madrid/edged-madrid-getafe/,,MA-08;MA-09;MA-10;MA-11;MA-12;MA-30
datacentermap,edgemode-dc-malpica-building-1,DC Estate Malpica - Building 1,Spark AI Foundry,toledo-es,Mora,45106,Castilla-La Mancha,39.7807956,-3.6827294,Facility,18123,18122,Planned,150.0,,,,,150000.0,,,,Sole-tenant,1,2026-09-02,"Data Center Map, ficha edgemode-dc-malpica-building-1, capturada 2026-09-02",PRENSA,https://www.datacentermap.com/spain/toledo-es/edgemode-dc-malpica-building-1/,CLM-17,
datacentermap,edgemode-dc-malpica-building-2,DC Estate Malpica - Building 2,Spark AI Foundry,toledo-es,Mora,45106,Castilla-La Mancha,39.7807956,-3.6827294,Facility,18124,18122,Planned,150.0,,,,,150000.0,,,,Sole-tenant,1,2026-09-02,"Data Center Map, ficha edgemode-dc-malpica-building-2, capturada 2026-09-02",PRENSA,https://www.datacentermap.com/spain/toledo-es/edgemode-dc-malpica-building-2/,CLM-17,
datacentermap,edgemode-dc-malpica-campus,DC Estate Malpica Campus,Spark AI Foundry,toledo-es,Mora,45106,Castilla-La Mancha,39.7807956,-3.6827294,Campus,18122,,Planned,300.0,,,,,300000.0,,,,Sole-tenant,1,2026-09-02,"Data Center Map, ficha edgemode-dc-malpica-campus, capturada 2026-09-02",PRENSA,https://www.datacentermap.com/spain/toledo-es/edgemode-dc-malpica-campus/,CLM-17,
datacentermap,edgnex-madrid,DAMAC Digital MAD01,DAMAC Digital,madrid,Vicálvaro,28079,Madrid,40.4035274,-3.5831011,Facility,12451,,Under Construction,40.0,,,,,22000.0,,,,,1,2026-09-16,"Data Center Map, ficha edgnex-madrid, capturada 2026-09-16",PRENSA,https://www.datacentermap.com/spain/madrid/edgnex-madrid/,,MA-10;MA-12;MA-13
datacentermap,equinix-alcobendas-campus,Equinix Alcobendas Campus,Equinix,madrid,Alcobendas,28006,Madrid,40.5335669,-3.6614383,Facility,17801,,Operativo,,,,,,,,,,,1,2026-09-16,"Data Center Map, ficha equinix-alcobendas-campus, capturada 2026-09-16",PRENSA,https://www.datacentermap.com/spain/madrid/equinix-alcobendas-campus/,MA-18;MA-22;MDB-18,
datacentermap,equinix-ba2,Equinix BA2,Equinix,barcelona,L'Hospitalet de Llobregat,08101,Cataluna,41.351621,2.099647,Facility,9118,,Operativo,3.41,,,,2522.0,,2024,,,Sole-tenant,1,2026-09-16,"Data Center Map, ficha equinix-ba2, capturada 2026-09-16",PRENSA,https://www.datacentermap.com/spain/barcelona/equinix-ba2/,,
datacentermap,equinix-md3x,Equinix MD3x,Equinix,madrid,Alcobendas,28006,Madrid,40.5344854,-3.6616061,Facility,9120,17801,,12.0,,,,5868.0,,2024,,,Multi-tenant (data centers only),1,2026-09-02,"Data Center Map, ficha equinix-md3x, capturada 2026-09-02",PRENSA,https://www.datacentermap.com/spain/madrid/equinix-md3x/,MA-18;MA-22;MDB-18,
datacentermap,equinix-md4x,Equinix MD4x,Equinix,madrid,Alcobendas,28006,Madrid,40.53448494961289,-3.662451430529103,Facility,14162,,Under Construction,10.0,,,,,,2025,,,,1,2026-09-16,"Data Center Map, ficha equinix-md4x, capturada 2026-09-16",PRENSA,https://www.datacentermap.com/spain/madrid/equinix-md4x/,MA-18;MA-22;MDB-18,
datacentermap,equinix-md5,Equinix MD5,Equinix,madrid,Alcobendas,28006,Madrid,40.5342979,-3.6606376,Facility,14161,17801,,9.6,,,,4400.0,,2026,,,Sole-tenant,1,2026-09-02,"Data Center Map, ficha equinix-md5, capturada 2026-09-02",PRENSA,https://www.datacentermap.com/spain/madrid/equinix-md5/,MA-18;MA-22;MDB-18,
datacentermap,equinix-md6,Equinix MD6,Equinix,madrid,Alcobendas,28006,Madrid,40.5343038,-3.6616725,Facility,9119,17801,,30.0,4.8,,,1466.0,,2022,,,Sole-tenant,1,2026-09-02,"Data Center Map, ficha equinix-md6, capturada 2026-09-02",PRENSA,https://www.datacentermap.com/spain/madrid/equinix-md6/,MA-18;MA-22;MDB-18,
datacentermap,espacio-rack,EspacioRack Data Center,ESPACIORACK,madrid,Pozuelo de Alarcón,28115,Madrid,40.3959639,-3.795824799999991,Facility,7728,,,,,,,,,,,1.5,,1,2026-09-02,"Data Center Map, ficha espacio-rack, capturada 2026-09-02",PRENSA,https://www.datacentermap.com/spain/madrid/espacio-rack/,,
datacentermap,espanix-datacenter,Espanix Datacenter,Espanix,madrid,Madrid,28079,Madrid,40.4658896,-3.6614093,Facility,8076,,,8.0,,,,,,,,,,1,2026-09-02,"Data Center Map, ficha espanix-datacenter, capturada 2026-09-02",PRENSA,https://www.datacentermap.com/spain/madrid/espanix-datacenter/,,MA-10;MA-12;MA-13
datacentermap,ferrovial-mad01,Ferrovial MAD01,Ferrovial Digital Infrastructure (FDI),madrid,Alcobendas,28006,Madrid,40.53568257920782,-3.658499224023871,Facility,18423,,Planned,40.0,,,,,22000.0,,,,Multi-tenant (data centers only),1,2026-09-16,"Data Center Map, ficha ferrovial-mad01, capturada 2026-09-16",PRENSA,https://www.datacentermap.com/spain/madrid/ferrovial-mad01/,,MA-18;MA-19;MA-22;MA-26;MA-33;MDB-04;MDB-14;MDB-15;MDB-18;MDF-01;MDF-02;MDF-04
datacentermap,galicia-green-data-center,Galicia Green Data Center,IREN (Iris Energy),a-coruna,Coruña,,,43.1497946,-8.0172683,Facility,15954,,Under Construction,15.0,,,,40154.0,,,,,,1,2026-09-16,"Data Center Map, ficha galicia-green-data-center, capturada 2026-09-16",PRENSA,https://www.datacentermap.com/spain/a-coruna/galicia-green-data-center/,,
datacentermap,global-switch-madrid,Global Switch Madrid 1,Global Switch,madrid,Madrid,28079,Madrid,40.4479697,-3.5746659,Facility,4002,18135,,14.0,,,,12000.0,21922.0,,,,,1,2026-09-02,"Data Center Map, ficha global-switch-madrid, capturada 2026-09-02",PRENSA,https://www.datacentermap.com/spain/madrid/global-switch-madrid/,,MA-10;MA-12;MA-13
datacentermap,global-switch-madrid-2,Global Switch Madrid 2,Global Switch,madrid,Madrid,28079,Madrid,40.44749822332523,-3.574577065552489,Facility,18134,18135,Under Construction,56.0,,,,,24000.0,,,,,1,2026-09-02,"Data Center Map, ficha global-switch-madrid-2, capturada 2026-09-02",PRENSA,https://www.datacentermap.com/spain/madrid/global-switch-madrid-2/,,MA-10;MA-12;MA-13
datacentermap,global-switch-madrid-campus,Global Switch Madrid Campus,Global Switch,madrid,Madrid,28079,Madrid,40.44772426054911,-3.573867000508528,Campus,18135,,Operativo,,,,,,,,,,,1,2026-09-16,"Data Center Map, ficha global-switch-madrid-campus, capturada 2026-09-16",PRENSA,https://www.datacentermap.com/spain/madrid/global-switch-madrid-campus/,,MA-10;MA-12;MA-13
datacentermap,gnet-data-center,GNET Data Center,Grupalia Internet S.A,madrid,Madrid,28079,Madrid,40.4376155,-3.6278472,Facility,3941,,,20.0,,,,250.0,,2008,Tier 3,,Sole-tenant,1,2026-09-02,"Data Center Map, ficha gnet-data-center, capturada 2026-09-02",PRENSA,https://www.datacentermap.com/spain/madrid/gnet-data-center/,,MA-10;MA-12;MA-13
datacentermap,green-it-aragn,Green IT Aragón,Grupo SAMCA,zaragoza,Pedrola,50204,Aragon,41.74766345158561,-1.194304494975869,Facility,15807,,Planned,300.0,,131.0,,,,2028,,,,1,2026-09-02,"Data Center Map, ficha green-it-aragn, capturada 2026-09-02",PRENSA,https://www.datacentermap.com/spain/zaragoza/green-it-aragn/,AR-13,
datacentermap,grupo-aire-oasix-datacenter,Grupo Aire OASIX Alicante,Grupo Aire | OASIX,alicante,Alicante,03014,Comunitat Valenciana,38.2913934,-0.6112808,Facility,8905,,Operativo,,,,,500.0,,2016,,,,1,2026-09-16,"Data Center Map, ficha grupo-aire-oasix-datacenter, capturada 2026-09-16",PRENSA,https://www.datacentermap.com/spain/alicante/grupo-aire-oasix-datacenter/,,
datacentermap,hispaweb-network,Hispaweb Network,Hispaweb Network,madrid,Madrid,28079,Madrid,40.4402163,-3.6250332,Facility,5766,,Operativo,,,,,,,2014,,,,1,2026-09-16,"Data Center Map, ficha hispaweb-network, capturada 2026-09-16",PRENSA,https://www.datacentermap.com/spain/madrid/hispaweb-network/,,MA-10;MA-12;MA-13
datacentermap,hscale-mad1,hscale MAD1,hscale,madrid,Madrid,28079,Madrid,40.41672790000001,-3.7032905,Campus,19140,,Planned,192.0,,,,,,2028,,,Multi-tenant (data centers only),1,2026-09-16,"Data Center Map, ficha hscale-mad1, capturada 2026-09-16",PRENSA,https://www.datacentermap.com/spain/madrid/hscale-mad1/,,MA-10;MA-12;MA-13
datacentermap,hyperscale-campus-tarragona-land-available,Hyperscale Campus Tarragona — Land Available,Stratega Digital,tarragona,El Morell,43095,Cataluna,41.201377,1.2286967,Land,17923,,codigo -1,50.0,,12.76,,71490.0,71490.0,2028,,,Multi-tenant (mixed use),1,2026-09-16,"Data Center Map, ficha hyperscale-campus-tarragona-land-available, capturada 2026-09-16",PRENSA,https://www.datacentermap.com/spain/tarragona/hyperscale-campus-tarragona-land-available/,,
datacentermap,iaas-datacenter,IaaS Datacenter,Hispaweb Network,madrid,San Blas-Canillejas,28079,Madrid,40.4402561,-3.623418,Facility,12634,,,,,,,,,2023,,,,1,2026-09-02,"Data Center Map, ficha iaas-datacenter, capturada 2026-09-02",PRENSA,https://www.datacentermap.com/spain/madrid/iaas-datacenter/,,MA-10;MA-12;MA-13
datacentermap,ibercom-donostia,Masmovil Donostia,MASMOVIL Group,donostia,Donostia - San Sebastián,20069,Pais Vasco,43.29737,-2.008669,Facility,2912,,Operativo,,,,,,,,,,,1,2026-09-16,"Data Center Map, ficha ibercom-donostia, capturada 2026-09-16",PRENSA,https://www.datacentermap.com/spain/donostia/ibercom-donostia/,,
datacentermap,ibercom-telecom,Masmovil Madrid,MASMOVIL Group,madrid,Madrid,28079,Madrid,40.513881,-3.673532,Facility,2911,,Operativo,,,,,,,,,,,1,2026-09-16,"Data Center Map, ficha ibercom-telecom, capturada 2026-09-16",PRENSA,https://www.datacentermap.com/spain/madrid/ibercom-telecom/,,MA-10;MA-12;MA-13
datacentermap,inferencia-cpd,Inferencia Integral CPDIA,Inferencia Integral,cadiz,El Puerto de Santa María,11027,Andalucia,36.60937,-6.1953577,Facility,2821,14541,Operativo,,,,,267.2,280.0,2021,,,Sole-tenant,1,2026-09-16,"Data Center Map, ficha inferencia-cpd, capturada 2026-09-16",PRENSA,https://www.datacentermap.com/spain/cadiz/inferencia-cpd/,,
datacentermap,infotelecom-ciutadella,Infotelecom Ciutadella,Infotelecom Networks S.L.,ciutadella-de-menorca,Ciutadella de Menorca,07015,Illes Balears,39.99930755539017,3.839448339633236,Facility,17883,,Operativo,,,,,,,,,,Multi-tenant (mixed use),1,2026-09-16,"Data Center Map, ficha infotelecom-ciutadella, capturada 2026-09-16",PRENSA,https://www.datacentermap.com/spain/ciutadella-de-menorca/infotelecom-ciutadella/,,
datacentermap,infotelecom-ma,Infotelecom Maó,Infotelecom Networks S.L.,mao,Maó,07032,Illes Balears,39.8878211,4.2532842,Facility,17884,,Operativo,,,,,,,,,,Multi-tenant (mixed use),1,2026-09-16,"Data Center Map, ficha infotelecom-ma, capturada 2026-09-16",PRENSA,https://www.datacentermap.com/spain/mao/infotelecom-ma/,,
datacentermap,infotelecom-palma,Infotelecom Palma,Infotelecom Networks S.L.,palma,Palma de Mallorca,07040,Illes Balears,39.6079667,2.6677209,Facility,17885,,Operativo,,,,,,,2026,,,Multi-tenant (mixed use),1,2026-09-16,"Data Center Map, ficha infotelecom-palma, capturada 2026-09-16",PRENSA,https://www.datacentermap.com/spain/palma/infotelecom-palma/,,IBF-01;IBF-02;IBF-03
datacentermap,interoute-barcelona,EXA Edge DC Barcelona,EXA Infrastructure,barcelona,Cerdanyola del Valles,08266,Cataluna,41.5010988,2.1353686,Facility,1268,,Operativo,,,,,,,,,,Multi-tenant (mixed use),1,2026-09-16,"Data Center Map, ficha interoute-barcelona, capturada 2026-09-16",PRENSA,https://www.datacentermap.com/spain/barcelona/interoute-barcelona/,,CTB-04;CTB-05
datacentermap,interoute-bilbao,EXA DC Bilbao,EXA Infrastructure,bilbao,Basauri,48015,Pais Vasco,43.2285342,-2.880503,Facility,1285,,Operativo,,,,,,,,,,Multi-tenant (mixed use),1,2026-09-16,"Data Center Map, ficha interoute-bilbao, capturada 2026-09-16",PRENSA,https://www.datacentermap.com/spain/bilbao/interoute-bilbao/,,
datacentermap,interoute-valencia,EXA Edge DC Valencia,EXA Infrastructure,valencia,Ribarroja del Turia,46214,Comunitat Valenciana,39.4733798,-0.536746,Facility,1289,,Operativo,,,,,,,,,,Multi-tenant (mixed use),1,2026-09-16,"Data Center Map, ficha interoute-valencia, capturada 2026-09-16",PRENSA,https://www.datacentermap.com/spain/valencia/interoute-valencia/,,
datacentermap,interxion-mad2,Calle de Albasanz 73 (MAD2),Digital Realty,madrid,Madrid,28079,Madrid,40.4396171,-3.6209452,Facility,5615,,,2.4,,,,1709.0,4200.0,,,,Sole-tenant,1,2026-09-02,"Data Center Map, ficha interxion-mad2, capturada 2026-09-02",PRENSA,https://www.datacentermap.com/spain/madrid/interxion-mad2/,MA-13,
datacentermap,interxion-mad3,Calle de Emilio Muñoz 49-51 (MAD3),Digital Realty,madrid,Madrid,28079,Madrid,40.434183,-3.6241714,Facility,8418,,,5.8,,,,3502.0,8700.0,2019,,,Sole-tenant,1,2026-09-02,"Data Center Map, ficha interxion-mad3, capturada 2026-09-02",PRENSA,https://www.datacentermap.com/spain/madrid/interxion-mad3/,MA-13,
datacentermap,interxion-madrid,Calle de Albasanz 71 (MAD1),Digital Realty,madrid,Madrid,28079,Madrid,40.43971399817695,-3.621448026323262,Facility,1113,,,3.6,,,,5258.0,11000.0,,,,Sole-tenant,1,2026-09-02,"Data Center Map, ficha interxion-madrid, capturada 2026-09-02",PRENSA,https://www.datacentermap.com/spain/madrid/interxion-madrid/,MA-13,
datacentermap,ipcore,ipcore Madrid,IPCore Datacenters S.L,madrid,Madrid,28079,Madrid,40.4457976,-3.5699689,Facility,4312,,,,,,,1000.0,,2013,Tier 3,,,1,2026-09-02,"Data Center Map, ficha ipcore, capturada 2026-09-02",PRENSA,https://www.datacentermap.com/spain/madrid/ipcore/,,MA-10;MA-12;MA-13
datacentermap,iren-guadalajara-gua1,IREN Guadalajara GUA1,IREN (Iris Energy),guadalajara-es,Guadalajara,19130,Castilla-La Mancha,40.62955038155185,-3.199713837415894,Facility,18059,,Planned,29.0,,,,,,,,,,1,2026-09-02,"Data Center Map, ficha iren-guadalajara-gua1, capturada 2026-09-02",PRENSA,https://www.datacentermap.com/spain/guadalajara-es/iren-guadalajara-gua1/,CLM-13;CLM-15;CM-02,
datacentermap,iren-pinto,IREN Pinto,IREN (Iris Energy),madrid,Pinto,28113,Madrid,40.25272687394641,-3.731013254123346,Facility,18060,,Planned,21.0,,,,,,,,,,1,2026-09-16,"Data Center Map, ficha iren-pinto, capturada 2026-09-16",PRENSA,https://www.datacentermap.com/spain/madrid/iren-pinto/,,
datacentermap,iren-zamudio,IREN Zamudio,IREN (Iris Energy),bilbao,Zamudio,48905,Pais Vasco,43.29798852905653,-2.86250834816737,Facility,18061,,Planned,30.0,,,,,,,,,,1,2026-09-16,"Data Center Map, ficha iren-zamudio, capturada 2026-09-16",PRENSA,https://www.datacentermap.com/spain/bilbao/iren-zamudio/,PV-02;PVF-07,
datacentermap,iridium-alcal-de-henares,Iridium Alcalá de Henares,"Iridium Concesiones de Infraestructuras, S.A.",madrid,Alcalá de Henares,28005,Madrid,40.51096413651658,-3.319737188346613,Facility,14836,,Planned,50.0,,,,,,,,,,1,2026-09-02,"Data Center Map, ficha iridium-alcal-de-henares, capturada 2026-09-02",PRENSA,https://www.datacentermap.com/spain/madrid/iridium-alcal-de-henares/,,MA-03;MA-04;MA-05;MA-06;MA-07;MA-23;MA-31
datacentermap,iridium-zaragoza,Iridium Zaragoza,"Iridium Concesiones de Infraestructuras, S.A.",zaragoza,Cartuja Baja,50297,Aragon,41.58202441229708,-0.8469403370413627,Facility,14837,,Planned,,,,,,,,,,,1,2026-09-16,"Data Center Map, ficha iridium-zaragoza, capturada 2026-09-16",PRENSA,https://www.datacentermap.com/spain/zaragoza/iridium-zaragoza/,,AR-03;AR-07;AR-08;AR-09;AR-17;ARB-03;ARB-08;ARB-41;ARF-04;ARF-05;ARF-20;ARF-24;ARF-27;ARF-28;ARF-29;ARF-30;ARF-40;ARF-44;ARF-47;ARF-50;ARF-54;ARF-56;ARF-57;ARF-60;ARF-66;ARF-74;ARF-76;ARF-78;ARF-80
datacentermap,iron-mountain-data-centers-mad-2,Iron Mountain Data Centers MAD-2,Iron Mountain Data Centers,madrid,San Fernando de Henares,28130,Madrid,40.4595055,-3.4960223,Facility,15610,17782,Under Construction,10.0,,,,,,2026,,,,1,2026-09-16,"Data Center Map, ficha iron-mountain-data-centers-mad-2, capturada 2026-09-16",PRENSA,https://www.datacentermap.com/spain/madrid/iron-mountain-data-centers-mad-2/,MA-32;MA-34,
datacentermap,iron-mountain-data-centers-mad-3,Iron Mountain Data Centers MAD-3,Iron Mountain Data Centers,madrid,San Fernando de Henares,28130,Madrid,40.4590072,-3.4959488,Facility,15611,17782,Under Construction,10.0,,,,,,2027,,,,1,2026-09-16,"Data Center Map, ficha iron-mountain-data-centers-mad-3, capturada 2026-09-16",PRENSA,https://www.datacentermap.com/spain/madrid/iron-mountain-data-centers-mad-3/,MA-32;MA-34,
datacentermap,iron-mountain-data-centers-mad-4,Iron Mountain Data Centers MAD-4,Iron Mountain Data Centers,madrid,San Fernando de Henares,28130,Madrid,40.4592603,-3.4964634,Facility,15612,17782,Planned,10.0,,,,,,2029,,,,1,2026-09-16,"Data Center Map, ficha iron-mountain-data-centers-mad-4, capturada 2026-09-16",PRENSA,https://www.datacentermap.com/spain/madrid/iron-mountain-data-centers-mad-4/,MA-32;MA-34,
datacentermap,iron-mountain-data-centers-mad-5,Iron Mountain Data Centers MAD-5,Iron Mountain Data Centers,madrid,San Fernando de Henares,28130,Madrid,40.4589503,-3.496333,Facility,15613,17782,Planned,10.0,,,,,,2029,,,,1,2026-09-16,"Data Center Map, ficha iron-mountain-data-centers-mad-5, capturada 2026-09-16",PRENSA,https://www.datacentermap.com/spain/madrid/iron-mountain-data-centers-mad-5/,MA-32;MA-34,
datacentermap,iron-mountain-data-centers-mad-6,Iron Mountain Data Centers MAD-6,Iron Mountain Data Centers,madrid,San Fernando de Henares,28130,Madrid,40.4580536732939,-3.498628021129548,Facility,15614,17782,Planned,12.0,,,,,,2029,,,,1,2026-09-16,"Data Center Map, ficha iron-mountain-data-centers-mad-6, capturada 2026-09-16",PRENSA,https://www.datacentermap.com/spain/madrid/iron-mountain-data-centers-mad-6/,MA-32;MA-34,
datacentermap,iron-mountain-data-centers-mad-7,Iron Mountain Data Centers MAD-7,Iron Mountain Data Centers,madrid,San Fernando de Henares,28130,Madrid,40.45858333796525,-3.497681737821381,Facility,15615,17782,Planned,12.0,,,,,,2029,,,,1,2026-09-16,"Data Center Map, ficha iron-mountain-data-centers-mad-7, capturada 2026-09-16",PRENSA,https://www.datacentermap.com/spain/madrid/iron-mountain-data-centers-mad-7/,MA-32;MA-34,
datacentermap,iron-mountain-data-centers-mad-8,Iron Mountain Data Centers MAD-8,Iron Mountain Data Centers,madrid,San Fernando de Henares,28130,Madrid,40.4582113626943,-3.497259021747709,Facility,15616,17782,Planned,12.0,,,,,,2029,,,,1,2026-09-16,"Data Center Map, ficha iron-mountain-data-centers-mad-8, capturada 2026-09-16",PRENSA,https://www.datacentermap.com/spain/madrid/iron-mountain-data-centers-mad-8/,MA-32;MA-34,
datacentermap,iron-mountain-mad-1,Iron Mountain Data Centers MAD-1,Iron Mountain Data Centers,madrid,San Fernando de Henares,28130,Madrid,40.4590884,-3.4977082,Facility,8834,17782,,3.0,,,,,4000.0,2012,,,Multi-tenant (data centers only),1,2026-09-02,"Data Center Map, ficha iron-mountain-mad-1, capturada 2026-09-02",PRENSA,https://www.datacentermap.com/spain/madrid/iron-mountain-mad-1/,MA-32;MA-34,
datacentermap,iron-mountain-madrid-campus,Iron Mountain MAD Campus,Iron Mountain Data Centers,madrid,San Fernando de Henares,28130,Madrid,40.45885588536441,-3.497210421891225,Campus,17782,,Operativo,,,,,,,,,,,1,2026-09-16,"Data Center Map, ficha iron-mountain-madrid-campus, capturada 2026-09-16",PRENSA,https://www.datacentermap.com/spain/madrid/iron-mountain-madrid-campus/,MA-32;MA-34,
datacentermap,islalink-ext,IslaLink Ibiza Center,IslaLink,ibiza,Ibiza,07026,Illes Balears,38.908424,1.4275415,Facility,8525,,Operativo,,,,,,,,,,,1,2026-09-16,"Data Center Map, ficha islalink-ext, capturada 2026-09-16",PRENSA,https://www.datacentermap.com/spain/ibiza/islalink-ext/,,
datacentermap,islalink-fsl,IslaLink Valencia Center,IslaLink,valencia,Valencia,46250,Comunitat Valenciana,39.4401041,-0.3700834,Facility,8519,,Operativo,,,,,,,,,,,1,2026-09-16,"Data Center Map, ficha islalink-fsl, capturada 2026-09-16",PRENSA,https://www.datacentermap.com/spain/valencia/islalink-fsl/,,VCV-01
datacentermap,islalink-madrid-data-center,IslaLink Madrid Data Center,IslaLink,madrid,Madrid,28079,Madrid,40.45312278288398,-3.583559479976373,Facility,13380,,Operativo,,,,,,28140.0,,,,,1,2026-09-16,"Data Center Map, ficha islalink-madrid-data-center, capturada 2026-09-16",PRENSA,https://www.datacentermap.com/spain/madrid/islalink-madrid-data-center/,,MA-10;MA-12;MA-13
datacentermap,islalink-pde,IslaLink Mallorca Center,IslaLink,palma,Palma de Mallorca,07040,Illes Balears,39.5780336,2.6563005,Facility,8524,,Operativo,,,,,,,,,,,1,2026-09-16,"Data Center Map, ficha islalink-pde, capturada 2026-09-16",PRENSA,https://www.datacentermap.com/spain/palma/islalink-pde/,,IBF-01;IBF-02;IBF-03
datacentermap,it-nexus-data-center,IT Nexus Data Center,COS Global Services,madrid,Tres Cantos,28903,Madrid,40.609956,-3.6957256,Facility,13694,,,6.0,,,,,,,Tier 3,,,1,2026-09-02,"Data Center Map, ficha it-nexus-data-center, capturada 2026-09-02",PRENSA,https://www.datacentermap.com/spain/madrid/it-nexus-data-center/,,MDB-19
datacentermap,itnow-cd1,ITnow CD1,ITnow,barcelona,Cerdanyola del Vallès,08266,Cataluna,41.48992790138559,2.108485907233585,Facility,13324,,Operativo,,,,,,,,,,,1,2026-09-16,"Data Center Map, ficha itnow-cd1, capturada 2026-09-16",PRENSA,https://www.datacentermap.com/spain/barcelona/itnow-cd1/,,CTB-04;CTB-05
datacentermap,itnow-cd2,ITnow CD2,ITnow,barcelona,Cerdanyola del Vallès,08266,Cataluna,41.48400218398871,2.107769922483385,Facility,13325,,Operativo,,,,,,,,,,,1,2026-09-16,"Data Center Map, ficha itnow-cd2, capturada 2026-09-16",PRENSA,https://www.datacentermap.com/spain/barcelona/itnow-cd2/,,CTB-04;CTB-05
datacentermap,kio-espana,Kumo Murcia,Kumo Networks,murcia,Espinardo,30030,Region de Murcia,38.0246678,-1.1708425,Facility,8763,,Operativo,0.193,,,,172.0,,2014,,1.4,Sole-tenant,1,2026-09-16,"Data Center Map, ficha kio-espana, capturada 2026-09-16",PRENSA,https://www.datacentermap.com/spain/murcia/kio-espana/,,
datacentermap,krolmap-villanueva-de-gllego,Krolmap Villanueva de Gállego,Krolmap,zaragoza,Villanueva de Gállego,50288,Aragon,41.77374880000001,-0.8246595,Facility,18422,,Planned,150.0,,,,,,,,,Multi-tenant (data centers only),1,2026-09-16,"Data Center Map, ficha krolmap-villanueva-de-gllego, capturada 2026-09-16",PRENSA,https://www.datacentermap.com/spain/zaragoza/krolmap-villanueva-de-gllego/,,AR-01;AR-02;AR-03;AR-12;ARB-06;ARB-09;ARB-10;ARB-12;ARB-14;ARB-18;ARB-20;ARB-21;ARB-23;ARF-01;ARF-03;ARF-08;ARF-10;ARF-11;ARF-12;ARF-13;ARF-14;ARF-19;ARF-32;ARF-52;ARF-58;ARF-73
datacentermap,kumo-valencia,Kumo Valencia,Kumo Networks,valencia,Paterna,46190,Comunitat Valenciana,39.51564527400313,-0.4487088912630668,Facility,16467,,codigo -2,,,,,1000.0,,,,,Sole-tenant,1,2026-09-16,"Data Center Map, ficha kumo-valencia, capturada 2026-09-16",PRENSA,https://www.datacentermap.com/spain/valencia/kumo-valencia/,,
datacentermap,kyndryl-barcelona-cerdanyola,Kyndryl Barcelona-Cerdanyola,Kyndryl,barcelona,Cerdanyola del Vallès,08266,Cataluna,41.48984890213441,2.1083047466221103,Facility,19039,13324,Operativo,0.128,,,,,,,,,Multi-tenant (data centers only),1,2026-09-16,"Data Center Map, ficha kyndryl-barcelona-cerdanyola, capturada 2026-09-16",PRENSA,https://www.datacentermap.com/spain/barcelona/kyndryl-barcelona-cerdanyola/,,CTB-04;CTB-05
datacentermap,kyndryl-dc-torrejon,Kyndryl Madrid Tec. Center,Kyndryl,madrid,San Fernando de Henares,28130,Madrid,40.45407678432736,-3.505635417041987,Facility,15203,,,0.553,,,,800.0,,,,,,1,2026-09-02,"Data Center Map, ficha kyndryl-dc-torrejon, capturada 2026-09-02",PRENSA,https://www.datacentermap.com/spain/madrid/kyndryl-dc-torrejon/,,MA-24;MA-32;MA-34
datacentermap,logistics-data-campus-villena,Logistics Data Campus Villena,L14 REIS,alicante,Villena,03140,Comunitat Valenciana,38.65218344676587,-0.8935058576713653,Facility,15842,,Planned,,,,,,,,,,,1,2026-09-16,"Data Center Map, ficha logistics-data-campus-villena, capturada 2026-09-16",PRENSA,https://www.datacentermap.com/spain/alicante/logistics-data-campus-villena/,,
datacentermap,madrid,Adam MAD,Adam,madrid,Navalcarnero,28096,Madrid,40.213661,-3.9261533,Facility,2947,,Operativo,,,,,,,,,,,1,2026-09-16,"Data Center Map, ficha madrid, capturada 2026-09-16",PRENSA,https://www.datacentermap.com/spain/madrid/madrid/,,
datacentermap,madrid-lezama,nLighten Madrid MA1,nLighten,madrid,Madrid,28079,Madrid,40.4904891,-3.6910743,Facility,4774,,,1.5,,,,3300.0,4500.0,2014,Tier 3,1.29,Sole-tenant,1,2026-09-02,"Data Center Map, ficha madrid-lezama, capturada 2026-09-02",PRENSA,https://www.datacentermap.com/spain/madrid/madrid-lezama/,,MA-10;MA-12;MA-13
datacentermap,malaga-data-center,Malaga Data Center,Malaga Data Center,malaga,Malaga,29067,Andalucia,36.69443801106326,-4.473581314086914,Facility,3410,,Operativo,1.0,,,,200.0,,2011,,,,1,2026-09-16,"Data Center Map, ficha malaga-data-center, capturada 2026-09-16",PRENSA,https://www.datacentermap.com/spain/malaga/malaga-data-center/,,ANF-01
datacentermap,malaga-datacenter2,Templus Malaga MAL01,Templus,malaga,Guadalhorce,29067,Andalucia,36.6945513,-4.4745536,Facility,8809,,Operativo,2.8,,,,400.0,2000.0,,,1.4,,1,2026-09-16,"Data Center Map, ficha malaga-datacenter2, capturada 2026-09-16",PRENSA,https://www.datacentermap.com/spain/malaga/malaga-datacenter2/,,ANF-01
datacentermap,mediterra-barcelona-01,Mediterra BARCELONA 01,Mediterra Datacenters,barcelona,Montmeló,08135,Cataluna,41.5515409,2.2484057,Facility,16811,,Planned,8.0,,,,,9700.0,2027,,,,1,2026-09-16,"Data Center Map, ficha mediterra-barcelona-01, capturada 2026-09-16",PRENSA,https://www.datacentermap.com/spain/barcelona/mediterra-barcelona-01/,,CTB-10
datacentermap,meta-talavera-de-la-reina,Meta Talavera de la Reina,Meta,toledo-es,Talavera de la Reina,45165,Castilla-La Mancha,39.952192877796165,-4.946152031146511,Facility,18716,,Planned,,,,,,130000.0,,,,Sole-tenant,1,2026-09-02,"Data Center Map, ficha meta-talavera-de-la-reina, capturada 2026-09-02",PRENSA,https://www.datacentermap.com/spain/toledo-es/meta-talavera-de-la-reina/,CM-01,
datacentermap,microsoft-alcal-de-henares,Microsoft Alcalá de Henares,Microsoft,madrid,Alcalá de Henares,28005,Madrid,40.47430884209258,-3.395680657671365,Facility,15456,,Under Construction,,,,,,,,,,,1,2026-09-16,"Data Center Map, ficha microsoft-alcal-de-henares, capturada 2026-09-16",PRENSA,https://www.datacentermap.com/spain/madrid/microsoft-alcal-de-henares/,MA-23,
datacentermap,microsoft-la-muela,Microsoft La Muela,Microsoft,zaragoza,La Muela,50182,Aragon,41.61472820823481,-1.088920473263889,Facility,13194,,Planned,,,,,,936857.0,,,,,1,2026-09-16,"Data Center Map, ficha microsoft-la-muela, capturada 2026-09-16",PRENSA,https://www.datacentermap.com/spain/zaragoza/microsoft-la-muela/,AR-07;ARF-17;ARF-18;ARF-36;ARF-85,
datacentermap,microsoft-madrid-mad1,Microsoft Madrid (MAD1),Microsoft,madrid,Algete,28009,Madrid,40.59324629286854,-3.549784277806101,Facility,13064,,Operativo,,,,,,,,,,Sole-tenant,1,2026-09-16,"Data Center Map, ficha microsoft-madrid-mad1, capturada 2026-09-16",PRENSA,https://www.datacentermap.com/spain/madrid/microsoft-madrid-mad1/,,MA-17;MA-18;MA-19;MDB-02;MDB-05;MDB-11;MDB-12;MDB-13;MDB-16
datacentermap,microsoft-villamayor-de-gallego,Microsoft Villamayor de Gallego,Microsoft,zaragoza,Villamayor de Gállego,50903,Aragon,41.661286,-0.771525,Facility,13195,,Planned,,,,,,,,,,,1,2026-09-16,"Data Center Map, ficha microsoft-villamayor-de-gallego, capturada 2026-09-16",PRENSA,https://www.datacentermap.com/spain/zaragoza/microsoft-villamayor-de-gallego/,AR-07;ARF-22;ARF-37;ARF-51;ARF-67;ARF-77,
datacentermap,microsoft-zaragoza,Microsoft Zaragoza,Microsoft,zaragoza,Zaragoza,50297,Aragon,41.6093481021482,-0.8975428792410894,Facility,13733,,Planned,,,,,,,,,,,1,2026-09-16,"Data Center Map, ficha microsoft-zaragoza, capturada 2026-09-16",PRENSA,https://www.datacentermap.com/spain/zaragoza/microsoft-zaragoza/,AR-07;AR-08;AR-09;ARF-30;ARF-50;ARF-66,
datacentermap,nabiax-alcal-adc2,Nabiax Alcalá (ADC2),Nabiax,madrid,Alcalá de Henares,28005,Madrid,40.5182342,-3.3409044,Facility,10067,18790,,7.2,,,,6000.0,,2022,Tier 3,,Sole-tenant,1,2026-09-02,"Data Center Map, ficha nabiax-alcal-adc2, capturada 2026-09-02",PRENSA,https://www.datacentermap.com/spain/madrid/nabiax-alcal-adc2/,MA-03;MA-04;MA-05;MA-31,
datacentermap,nabiax-alcal-adc3,Nabiax Alcalá (ADC3),Nabiax,madrid,Alcalá de Henares,28005,Madrid,40.517373107943655,-3.33988634039801,Facility,18789,18790,Planned,,,,,,,,,,Sole-tenant,1,2026-09-16,"Data Center Map, ficha nabiax-alcal-adc3, capturada 2026-09-16",PRENSA,https://www.datacentermap.com/spain/madrid/nabiax-alcal-adc3/,MA-03;MA-04;MA-05;MA-31,
datacentermap,nabiax-alcal-campus,Nabiax Alcalá Campus,Nabiax,madrid,Alcalá de Henares,28005,Madrid,40.5188874187773,-3.3400041861194154,Campus,18790,,Operativo,,,,,,,,,,Sole-tenant,1,2026-09-16,"Data Center Map, ficha nabiax-alcal-campus, capturada 2026-09-16",PRENSA,https://www.datacentermap.com/spain/madrid/nabiax-alcal-campus/,MA-03;MA-04;MA-05;MA-31,
datacentermap,nabiax-alcala,Nabiax Alcalá (ADC1),Nabiax,madrid,Alcalá de Henares,28005,Madrid,40.5189351,-3.3417409,Facility,8648,18790,,8.4,,,,4800.0,,2013,Tier 4,,Sole-tenant,1,2026-09-02,"Data Center Map, ficha nabiax-alcala, capturada 2026-09-02",PRENSA,https://www.datacentermap.com/spain/madrid/nabiax-alcala/,MA-03;MA-04;MA-05;MA-31,
datacentermap,nabiax-julian-camarillo,Nabiax Julián Camarillo,Nabiax,madrid,Madrid,28079,Madrid,40.4340717,-3.6297118,Facility,8649,,,10.0,,,,10000.0,,1995,Tier 3,,,1,2026-09-02,"Data Center Map, ficha nabiax-julian-camarillo, capturada 2026-09-02",PRENSA,https://www.datacentermap.com/spain/madrid/nabiax-julian-camarillo/,,MA-10;MA-12;MA-13
datacentermap,nabiax-terrassa,Nabiax Terrassa,Nabiax,barcelona,Terrassa,08279,Cataluna,41.5721154,2.0122239,Facility,10068,,Operativo,1.3,,,,1200.0,,1990,,,,1,2026-09-16,"Data Center Map, ficha nabiax-terrassa, capturada 2026-09-16",PRENSA,https://www.datacentermap.com/spain/barcelona/nabiax-terrassa/,,
datacentermap,nexica,Econocom Barcelona,Econocom,barcelona,Barcelona,08019,Cataluna,41.3516248,2.1377433,Facility,1628,1434,Operativo,,,,,,,,,,,1,2026-09-16,"Data Center Map, ficha nexica, capturada 2026-09-16",PRENSA,https://www.datacentermap.com/spain/barcelona/nexica/,,CTB-06;CTB-09;CTF-01;CTF-02
datacentermap,nixval,NIXVAL Data Center,NIXVAL,valencia,Valencia,46250,Comunitat Valenciana,39.5196879,-0.4669731,Facility,656,,Operativo,1.0,,,,1500.0,2000.0,2002,,,Multi-tenant (data centers only),1,2026-09-16,"Data Center Map, ficha nixval, capturada 2026-09-16",PRENSA,https://www.datacentermap.com/spain/valencia/nixval/,,VCV-01
datacentermap,nostrum-cceres-campus,IREN Cáceres Campus,IREN (Iris Energy),caceres,Cáceres,10037,Extremadura,39.49670314305074,-6.431500192575923,Campus,15953,,Planned,220.0,,,,,,2027,,,,1,2026-09-16,"Data Center Map, ficha nostrum-cceres-campus, capturada 2026-09-16",PRENSA,https://www.datacentermap.com/spain/caceres/nostrum-cceres-campus/,,EXF-01;EXF-02
datacentermap,nostrum-evergreen,IREN Evergreen,IREN (Iris Energy),badajoz,Badajoz,06015,Extremadura,38.9097652,-7.000125,Facility,15955,,Planned,300.0,,,,,,,,,,1,2026-09-16,"Data Center Map, ficha nostrum-evergreen, capturada 2026-09-16",PRENSA,https://www.datacentermap.com/spain/badajoz/nostrum-evergreen/,EX-01;EXF-05;EXF-06,
datacentermap,ntt-madrid-1,GDC - Madrid 1 Data Center,"NTT DATA, Inc.",madrid,las Rozas de Madrid,28127,Madrid,40.5001813,-3.8902708,Facility,9380,,,6.9,6.9,,,3400.0,,2022,Tier 3,,Multi-tenant (data centers only),1,2026-09-02,"Data Center Map, ficha ntt-madrid-1, capturada 2026-09-02",PRENSA,https://www.datacentermap.com/spain/madrid/ntt-madrid-1/,,MDB-03
datacentermap,numant-ia,Numant-IA,Spanish Ministry of Defense,soria,Soria,42173,Castilla y Leon,41.76044,-2.4055,Facility,15806,,Planned,,,,,,,2028,,,Sole-tenant,1,2026-09-16,"Data Center Map, ficha numant-ia, capturada 2026-09-16",PRENSA,https://www.datacentermap.com/spain/soria/numant-ia/,,
datacentermap,nxn-datacenter-madrid,NxN Datacenter Madrid,NxN Datacenters,madrid,Hortaleza,28079,Madrid,40.45169189779679,-3.624796750695046,Facility,17451,,Under Construction,7.5,,,,8500.0,52495.0,2026,,,Multi-tenant (mixed use),1,2026-09-02,"Data Center Map, ficha nxn-datacenter-madrid, capturada 2026-09-02",PRENSA,https://www.datacentermap.com/spain/madrid/nxn-datacenter-madrid/,,MA-10;MA-12;MA-13
datacentermap,nxn-datacenter-valencia-nx01,NxN Datacenter Valencia (NX01),NxN Datacenters,valencia,València,46250,Comunitat Valenciana,39.4624769,-0.4101019,Facility,14955,,Under Construction,6.0,,,,6500.0,,2027,,1.2,Sole-tenant,1,2026-09-16,"Data Center Map, ficha nxn-datacenter-valencia-nx01, capturada 2026-09-16",PRENSA,https://www.datacentermap.com/spain/valencia/nxn-datacenter-valencia-nx01/,,VCV-01
datacentermap,oasix-malaga,Grupo Aire OASIX Malaga,Grupo Aire | OASIX,malaga,Málaga,29067,Andalucia,36.7326425,-4.5473139,Facility,8911,,Operativo,,,,,400.0,,2022,,,,1,2026-09-16,"Data Center Map, ficha oasix-malaga, capturada 2026-09-16",PRENSA,https://www.datacentermap.com/spain/malaga/oasix-malaga/,,ANF-01
datacentermap,oasix-toledo,Grupo Aire OASIX Toledo,Grupo Aire | OASIX,toledo-es,Talavera de la Reina,45165,Castilla-La Mancha,39.9569339,-4.8440141,Facility,8912,,,,,,,800.0,,2022,,,,1,2026-09-02,"Data Center Map, ficha oasix-toledo, capturada 2026-09-02",PRENSA,https://www.datacentermap.com/spain/toledo-es/oasix-toledo/,CLM-22,
datacentermap,oasix-zaragoza,Grupo Aire OASIX Zaragoza,Grupo Aire | OASIX,zaragoza,Zaragoza,50297,Aragon,41.668775,-0.888924,Facility,8925,,Operativo,,,,,,,,,,,1,2026-09-16,"Data Center Map, ficha oasix-zaragoza, capturada 2026-09-16",PRENSA,https://www.datacentermap.com/spain/zaragoza/oasix-zaragoza/,,AR-03;AR-07;AR-08;AR-09;AR-17;ARB-03;ARB-08;ARB-41;ARF-04;ARF-05;ARF-20;ARF-24;ARF-27;ARF-28;ARF-29;ARF-30;ARF-40;ARF-44;ARF-47;ARF-50;ARF-54;ARF-56;ARF-57;ARF-60;ARF-66;ARF-74;ARF-76;ARF-78;ARF-80
datacentermap,odc-malaga,ODC Malaga,Olivenet Data Centers Spain S.L. (ODC),malaga,Málaga,29067,Andalucia,36.6947254,-4.4961806,Facility,12579,,Operativo,,,,,,,,,,,1,2026-09-16,"Data Center Map, ficha odc-malaga, capturada 2026-09-16",PRENSA,https://www.datacentermap.com/spain/malaga/odc-malaga/,,ANF-01
datacentermap,ono-barcelona-i,Vodafone Barcelona Data Center,Vodafone,barcelona,Barcelona,08019,Cataluna,41.3948055,2.1982324,Facility,2306,,Operativo,,,,,,,,,,,1,2026-09-16,"Data Center Map, ficha ono-barcelona-i, capturada 2026-09-16",PRENSA,https://www.datacentermap.com/spain/barcelona/ono-barcelona-i/,,CTB-06;CTB-09;CTF-01;CTF-02
datacentermap,ono-i---la-florida,Vodafone La Florida Data Center,Vodafone,madrid,Aravaca,28079,Madrid,40.4665977,-3.8023332,Facility,2305,,Operativo,,,,,,,,,,,1,2026-09-16,"Data Center Map, ficha ono-i---la-florida, capturada 2026-09-16",PRENSA,https://www.datacentermap.com/spain/madrid/ono-i---la-florida/,,MA-10;MA-12;MA-13
datacentermap,ono-ii---atocha,Vodafone Atocha Data Center,Vodafone,madrid,Madrid,28079,Madrid,40.4043776,-3.6984371,Facility,2304,,,,,,,,,,,,,1,2026-09-02,"Data Center Map, ficha ono-ii---atocha, capturada 2026-09-02",PRENSA,https://www.datacentermap.com/spain/madrid/ono-ii---atocha/,,MA-10;MA-12;MA-13
datacentermap,oxigen-d,Oxigen DC Sant Cugat del Vallès,Oxigen Data Center,barcelona,Sant Cugat del Vallès,08205,Cataluna,41.4928738,2.0553339,Facility,13570,,Operativo,10.0,,,,2500.0,6000.0,2023,,,Multi-tenant (mixed use),1,2026-09-16,"Data Center Map, ficha oxigen-d, capturada 2026-09-16",PRENSA,https://www.datacentermap.com/spain/barcelona/oxigen-d/,,
datacentermap,oxigen-dc-sant-fruits-de-bages,Oxigen DC Sant Fruitós de Bages,Oxigen Data Center,barcelona,Sant Fruitós de Bages,08213,Cataluna,41.7781606294117,1.866346422741913,Facility,16815,,Operativo,10.0,,,,,,,,,Multi-tenant (data centers only),1,2026-09-16,"Data Center Map, ficha oxigen-dc-sant-fruits-de-bages, capturada 2026-09-16",PRENSA,https://www.datacentermap.com/spain/barcelona/oxigen-dc-sant-fruits-de-bages/,,
datacentermap,panattoni-barcelona-campus,Panattoni Barcelona Campus,Panattoni,barcelona,Cerdanyola del Vallès,08266,Cataluna,41.483884,2.104751,Campus,13321,,Planned,88.0,,,,,,,,,,1,2026-09-16,"Data Center Map, ficha panattoni-barcelona-campus, capturada 2026-09-16",PRENSA,https://www.datacentermap.com/spain/barcelona/panattoni-barcelona-campus/,,CTB-04;CTB-05
datacentermap,panattoni-barcelona-dc01,Panattoni Barcelona DC01,Panattoni,barcelona,Cerdanyola del Vallès,08266,Cataluna,41.483839,2.104395,Facility,13322,13321,Planned,,,,,1608.0,8542.0,,,,,1,2026-09-16,"Data Center Map, ficha panattoni-barcelona-dc01, capturada 2026-09-16",PRENSA,https://www.datacentermap.com/spain/barcelona/panattoni-barcelona-dc01/,,CTB-04;CTB-05
datacentermap,panattoni-barcelona-dc02,Panattoni Barcelona DC02,Panattoni,barcelona,Cerdanyola del Vallès,08266,Cataluna,41.48399,2.105034,Facility,13323,13321,Planned,,,,,1608.0,8542.0,,,,,1,2026-09-16,"Data Center Map, ficha panattoni-barcelona-dc02, capturada 2026-09-16",PRENSA,https://www.datacentermap.com/spain/barcelona/panattoni-barcelona-dc02/,,CTB-04;CTB-05
datacentermap,parc-tecnologic,Nunsys Paterna Data Center,Nunsys,valencia,Paterna,46190,Comunitat Valenciana,39.5468201,-0.4563976,Facility,2878,,Operativo,3.5,,,,1200.0,5000.0,2001,,,Sole-tenant,1,2026-09-16,"Data Center Map, ficha parc-tecnologic, capturada 2026-09-16",PRENSA,https://www.datacentermap.com/spain/valencia/parc-tecnologic/,,
datacentermap,plexval,Axarnet Valencia,Axarnet,valencia,Paterna,46190,Comunitat Valenciana,39.523181,-0.466688,Facility,3008,,Operativo,,,,,3000.0,,,,,,1,2026-09-16,"Data Center Map, ficha plexval, capturada 2026-09-16",PRENSA,https://www.datacentermap.com/spain/valencia/plexval/,,
datacentermap,prime-madrid,Prime Madrid MAD01-01,Prime Data Centers,madrid,Alcobendas,28006,Madrid,40.5331,-3.66112,Facility,11209,,,40.0,,,,10328.0,26013.0,,Tier 3,1.25,,1,2026-09-02,"Data Center Map, ficha prime-madrid, capturada 2026-09-02",PRENSA,https://www.datacentermap.com/spain/madrid/prime-madrid/,,MA-18;MA-19;MA-22;MA-26;MA-33;MDB-04;MDB-14;MDB-15;MDB-18;MDF-01;MDF-02;MDF-04
datacentermap,project-lusitanus,Project Lusitanus,Fotowatio Renewable Ventures,merida-es,Mérida,06083,Extremadura,38.83601115096216,-6.364354128879101,Facility,16945,,Planned,,,,,,,,,,,1,2026-09-16,"Data Center Map, ficha project-lusitanus, capturada 2026-09-16",PRENSA,https://www.datacentermap.com/spain/merida-es/project-lusitanus/,,
datacentermap,prored-data-center,ProRed Data Center,PRORED COMUNICACIONES S.L.,valencia,Paterna,46190,Comunitat Valenciana,39.5540656,-0.4673615,Facility,6650,,Operativo,1.0,,,,,,,,,,1,2026-09-16,"Data Center Map, ficha prored-data-center, capturada 2026-09-16",PRENSA,https://www.datacentermap.com/spain/valencia/prored-data-center/,,
datacentermap,proyecto-altamira-1,Proyecto Altamira 1,XDC Properties,santander,Villaescusa,39099,Cantabria,43.384581,-3.863502,Campus,13784,,Planned,240.0,,,,,,,,,,1,2026-09-16,"Data Center Map, ficha proyecto-altamira-1, capturada 2026-09-16",PRENSA,https://www.datacentermap.com/spain/santander/proyecto-altamira-1/,CB-01;CB-02,
datacentermap,proyecto-altamira-2,Proyecto Altamira 2,XDC Properties,santander,Villaescusa,39099,Cantabria,43.388071,-3.86147,Campus,13785,,Planned,120.0,,,,,,,,,,1,2026-09-16,"Data Center Map, ficha proyecto-altamira-2, capturada 2026-09-16",PRENSA,https://www.datacentermap.com/spain/santander/proyecto-altamira-2/,CB-01;CB-02,
datacentermap,proyecto-altamira-3,Proyecto Altamira 3,XDC Properties,santander,Villaescusa,39099,Cantabria,43.38574,-3.854325,Campus,13786,,Planned,120.0,,,,,,,,,,1,2026-09-16,"Data Center Map, ficha proyecto-altamira-3, capturada 2026-09-16",PRENSA,https://www.datacentermap.com/spain/santander/proyecto-altamira-3/,CB-01;CB-02,
datacentermap,proyecto-altamira-dc1,Proyecto Altamira DC1,XDC Properties,santander,Villaescusa,39099,Cantabria,43.384032,-3.865003,Facility,13787,13784,Planned,40.0,,,,,,,,,,1,2026-09-16,"Data Center Map, ficha proyecto-altamira-dc1, capturada 2026-09-16",PRENSA,https://www.datacentermap.com/spain/santander/proyecto-altamira-dc1/,CB-01;CB-02,
datacentermap,proyecto-altamira-dc10,Proyecto Altamira DC10,XDC Properties,santander,Villaescusa,39099,Cantabria,43.386365,-3.854958,Facility,13796,13786,Planned,40.0,,,,,,,,,,1,2026-09-16,"Data Center Map, ficha proyecto-altamira-dc10, capturada 2026-09-16",PRENSA,https://www.datacentermap.com/spain/santander/proyecto-altamira-dc10/,CB-01;CB-02,
datacentermap,proyecto-altamira-dc11,Proyecto Altamira DC11,XDC Properties,santander,Villaescusa,39099,Cantabria,43.38608,-3.853782,Facility,13797,13786,Planned,40.0,,,,,,,,,,1,2026-09-16,"Data Center Map, ficha proyecto-altamira-dc11, capturada 2026-09-16",PRENSA,https://www.datacentermap.com/spain/santander/proyecto-altamira-dc11/,CB-01;CB-02,
datacentermap,proyecto-altamira-dc12,Proyecto Altamira DC12,XDC Properties,santander,Villaescusa,39099,Cantabria,43.385741,-3.852666,Facility,13798,13786,Planned,40.0,,,,,,,,,,1,2026-09-16,"Data Center Map, ficha proyecto-altamira-dc12, capturada 2026-09-16",PRENSA,https://www.datacentermap.com/spain/santander/proyecto-altamira-dc12/,CB-01;CB-02,
datacentermap,proyecto-altamira-dc2,Proyecto Altamira DC2,XDC Properties,santander,Villaescusa,39099,Cantabria,43.385055,-3.864977,Facility,13788,13784,Planned,40.0,,,,,,,,,,1,2026-09-16,"Data Center Map, ficha proyecto-altamira-dc2, capturada 2026-09-16",PRENSA,https://www.datacentermap.com/spain/santander/proyecto-altamira-dc2/,CB-01;CB-02,
datacentermap,proyecto-altamira-dc3,Proyecto Altamira DC3,XDC Properties,santander,Villaescusa,39099,Cantabria,43.385922,-3.86504,Facility,13789,13784,Planned,40.0,,,,,,,,,,1,2026-09-16,"Data Center Map, ficha proyecto-altamira-dc3, capturada 2026-09-16",PRENSA,https://www.datacentermap.com/spain/santander/proyecto-altamira-dc3/,CB-01;CB-02,
datacentermap,proyecto-altamira-dc4,Proyecto Altamira DC4,XDC Properties,santander,Villaescusa,39099,Cantabria,43.38413,-3.863364,Facility,13790,13784,Planned,40.0,,,,,,,,,,1,2026-09-16,"Data Center Map, ficha proyecto-altamira-dc4, capturada 2026-09-16",PRENSA,https://www.datacentermap.com/spain/santander/proyecto-altamira-dc4/,CB-01;CB-02,
datacentermap,proyecto-altamira-dc5,Proyecto Altamira DC5,XDC Properties,santander,Villaescusa,39099,Cantabria,43.384983,-3.863403,Facility,13791,13784,Planned,40.0,,,,,,,,,,1,2026-09-16,"Data Center Map, ficha proyecto-altamira-dc5, capturada 2026-09-16",PRENSA,https://www.datacentermap.com/spain/santander/proyecto-altamira-dc5/,CB-01;CB-02,
datacentermap,proyecto-altamira-dc6,Proyecto Altamira DC6,XDC Properties,santander,Villaescusa,39099,Cantabria,43.384096,-3.861728,Facility,13792,13784,Planned,40.0,,,,,,,,,,1,2026-09-16,"Data Center Map, ficha proyecto-altamira-dc6, capturada 2026-09-16",PRENSA,https://www.datacentermap.com/spain/santander/proyecto-altamira-dc6/,CB-01;CB-02,
datacentermap,proyecto-altamira-dc7,Proyecto Altamira DC7,XDC Properties,santander,Villaescusa,39099,Cantabria,43.388588,-3.862793,Facility,13793,13785,Planned,40.0,,,,,,,,,,1,2026-09-16,"Data Center Map, ficha proyecto-altamira-dc7, capturada 2026-09-16",PRENSA,https://www.datacentermap.com/spain/santander/proyecto-altamira-dc7/,CB-01;CB-02,
datacentermap,proyecto-altamira-dc8,Proyecto Altamira DC8,XDC Properties,santander,Villaescusa,39099,Cantabria,43.387937,-3.862083,Facility,13794,13785,Planned,40.0,,,,,,,,,,1,2026-09-16,"Data Center Map, ficha proyecto-altamira-dc8, capturada 2026-09-16",PRENSA,https://www.datacentermap.com/spain/santander/proyecto-altamira-dc8/,CB-01;CB-02,
datacentermap,proyecto-altamira-dc9,Proyecto Altamira DC9,XDC Properties,santander,Villaescusa,39099,Cantabria,43.387197,-3.86145,Facility,13795,13785,Planned,40.0,,,,,,,,,,1,2026-09-16,"Data Center Map, ficha proyecto-altamira-dc9, capturada 2026-09-16",PRENSA,https://www.datacentermap.com/spain/santander/proyecto-altamira-dc9/,CB-01;CB-02,
datacentermap,proyecto-ebro,Proyecto Ebro,Box2bit,zaragoza,Cariñena,50073,Aragon,41.36402793207701,-1.211378463187287,Facility,12486,,Planned,,,,,,,,,,,1,2026-09-16,"Data Center Map, ficha proyecto-ebro, capturada 2026-09-16",PRENSA,https://www.datacentermap.com/spain/zaragoza/proyecto-ebro/,ARF-26;ARF-79,
datacentermap,puredc-meco,PureDC Madrid (Meco),Pure Data Centres Group,madrid,Meco,28083,Madrid,40.53210728433228,-3.31304578443146,Facility,14260,,Planned,25.0,,,,,,,,,,1,2026-09-16,"Data Center Map, ficha puredc-meco, capturada 2026-09-16",PRENSA,https://www.datacentermap.com/spain/madrid/puredc-meco/,MA-01;MA-02,
datacentermap,qts-calatorao,QTS Calatorao,QTS Data Centers,zaragoza,Calatorao,50068,Aragon,41.51800690675786,-1.297487865640699,Campus,15978,,Planned,300.0,,,,,,,,,,1,2026-09-16,"Data Center Map, ficha qts-calatorao, capturada 2026-09-16",PRENSA,https://www.datacentermap.com/spain/zaragoza/qts-calatorao/,AR-10;ARF-25;ARF-43;ARF-46;ARF-48;ARF-65;ARF-86;ARF-90,
datacentermap,quetta-dc-molins-de-rei,Quetta DC Molins de Rei,Quetta Data Centers,barcelona,Molins de Rei,08123,Cataluna,41.3990332,2.0327583,Facility,16739,,Planned,,,,,,,,,,,1,2026-09-16,"Data Center Map, ficha quetta-dc-molins-de-rei, capturada 2026-09-16",PRENSA,https://www.datacentermap.com/spain/barcelona/quetta-dc-molins-de-rei/,,CTB-08
datacentermap,quetta-dc-tres-cantos,Quetta DC Tres Cantos,Quetta Data Centers,madrid,Tres Cantos,28903,Madrid,40.61741,-3.70239,Facility,12964,,Under Construction,20.0,,,,3200.0,11000.0,,Tier 3,,,1,2026-09-02,"Data Center Map, ficha quetta-dc-tres-cantos, capturada 2026-09-02",PRENSA,https://www.datacentermap.com/spain/madrid/quetta-dc-tres-cantos/,,MDB-19
datacentermap,redestel,Redestel Data Center,"Redestel, SL",zaragoza,Zaragoza,50297,Aragon,41.6703942,-0.8523766,Facility,5737,,,,,,,,,,,,,1,2026-09-02,"Data Center Map, ficha redestel, capturada 2026-09-02",PRENSA,https://www.datacentermap.com/spain/zaragoza/redestel/,,AR-03;AR-07;AR-08;AR-09;AR-17;ARB-03;ARB-08;ARB-41;ARF-04;ARF-05;ARF-20;ARF-24;ARF-27;ARF-28;ARF-29;ARF-30;ARF-40;ARF-44;ARF-47;ARF-50;ARF-54;ARF-56;ARF-57;ARF-60;ARF-66;ARF-74;ARF-76;ARF-78;ARF-80
datacentermap,rubix-flix,Rubix Flix,Rubix,tarragona,Flix,43060,Cataluna,41.22973676919906,0.5338174170639718,Facility,18401,,Planned,90.0,,,,,,,,,Multi-tenant (data centers only),1,2026-09-16,"Data Center Map, ficha rubix-flix, capturada 2026-09-16",PRENSA,https://www.datacentermap.com/spain/tarragona/rubix-flix/,,
datacentermap,sarenet-derio,Sarenet Derio/Zamudio 2,Sarenet,bilbao,Zamudio,48905,Pais Vasco,43.2895204,-2.85944,Facility,14626,,Operativo,3.0,,,,1000.0,,,,,,1,2026-09-16,"Data Center Map, ficha sarenet-derio, capturada 2026-09-16",PRENSA,https://www.datacentermap.com/spain/bilbao/sarenet-derio/,,PV-02;PVF-05;PVF-07
datacentermap,sarenet-zamudio,Sarenet Derio/Zamudio,Sarenet,bilbao,Derio,48901,Pais Vasco,43.29885134957967,-2.868732093044322,Facility,14627,,Operativo,,,,,,,,,,,1,2026-09-16,"Data Center Map, ficha sarenet-zamudio, capturada 2026-09-16",PRENSA,https://www.datacentermap.com/spain/bilbao/sarenet-zamudio/,,
datacentermap,serosense-alcarrs,Serosense Alcarrás,Grupo Serosense,lleida,Alcarràs,25011,Cataluna,41.57518299159133,0.5542269413991789,Facility,17389,,Planned,30.0,,10.0,,12000.0,,,,,,1,2026-09-16,"Data Center Map, ficha serosense-alcarrs, capturada 2026-09-16",PRENSA,https://www.datacentermap.com/spain/lleida/serosense-alcarrs/,,
datacentermap,serveisweb,ServeisWeb Fornells Data Center,SW Hosting,girona,Fornells de la Selva,17073,Cataluna,41.9316547,2.7979712,Facility,4183,,Operativo,1.0,,,,900.0,,,,,Sole-tenant,1,2026-09-16,"Data Center Map, ficha serveisweb, capturada 2026-09-16",PRENSA,https://www.datacentermap.com/spain/girona/serveisweb/,,
datacentermap,sierradc-esczar,Alto Infrastructure SP01,Alto Infrastructure,granada,Escúzar,18072,Andalucia,37.0818249,-3.7534482,Facility,15619,,Under Construction,70.0,,60.0,10.0,,,2027,,,Sole-tenant,1,2026-09-16,"Data Center Map, ficha sierradc-esczar, capturada 2026-09-16",PRENSA,https://www.datacentermap.com/spain/granada/sierradc-esczar/,,
datacentermap,solaria-ai-data-center,Solaria AI Data Center,Solaria Energía y Medio Ambiente,ciudad-real,Puertollano,13071,Castilla-La Mancha,38.67662491411809,-4.150841925022576,Facility,12363,,Planned,200.0,,,,,100000.0,,,,,1,2026-09-02,"Data Center Map, ficha solaria-ai-data-center, capturada 2026-09-02",PRENSA,https://www.datacentermap.com/spain/ciudad-real/solaria-ai-data-center/,CLM-16,
datacentermap,substrate-ai-talavera-de-la-reina,Substrate AI Talavera de la Reina,Substrate AI,toledo-es,Talavera de la Reina,45165,Castilla-La Mancha,39.96208746279552,-4.943042862083701,Facility,18715,,Planned,,,,,,,,,,Sole-tenant,1,2026-09-02,"Data Center Map, ficha substrate-ai-talavera-de-la-reina, capturada 2026-09-02",PRENSA,https://www.datacentermap.com/spain/toledo-es/substrate-ai-talavera-de-la-reina/,,CLM-01;CLM-02;CLM-03;CLM-04;CLM-05;CLM-06;CLM-07;CLM-08;CLM-09;CLM-10;CLM-11;CLM-22;CM-01
datacentermap,sys4net-datacenter-murcia,SYS4NET Datacenter Murcia,"Grupo SYS4NET, S.L.",murcia,Alcantarilla,30005,Region de Murcia,37.9586727,-1.1940022,Facility,5509,,Operativo,,,,,190.0,,2014,,,Sole-tenant,1,2026-09-16,"Data Center Map, ficha sys4net-datacenter-murcia, capturada 2026-09-16",PRENSA,https://www.datacentermap.com/spain/murcia/sys4net-datacenter-murcia/,,
datacentermap,t-systems-cerdanyola,T-Systems Cerdanyola,T-Systems Iberia,barcelona,Cerdanyola del Vallés,08266,Cataluna,41.4871246,2.1134343,Facility,7046,,Operativo,5.0,,,,,,,,1.3,,1,2026-09-16,"Data Center Map, ficha t-systems-cerdanyola, capturada 2026-09-16",PRENSA,https://www.datacentermap.com/spain/barcelona/t-systems-cerdanyola/,,CTB-04;CTB-05
datacentermap,t-systems-cpd22,T-Systems CPD22,T-Systems Iberia,barcelona,Sant Martí,08019,Cataluna,41.39356941504778,2.190446595211455,Facility,14269,,Operativo,3.9,,,,900.0,,2003,,,,1,2026-09-16,"Data Center Map, ficha t-systems-cpd22, capturada 2026-09-16",PRENSA,https://www.datacentermap.com/spain/barcelona/t-systems-cpd22/,,CTB-06;CTB-09;CTF-01;CTF-02
datacentermap,telxius-derio-communications-hub,Telxius Derio Communications Hub,Telxius,bilbao,Derio,48901,Pais Vasco,43.2970708540426,-2.870788894648854,Facility,10904,,Operativo,4.0,,,,2000.0,,2019,,,Sole-tenant,1,2026-09-16,"Data Center Map, ficha telxius-derio-communications-hub, capturada 2026-09-16",PRENSA,https://www.datacentermap.com/spain/bilbao/telxius-derio-communications-hub/,,
datacentermap,templus-ceuta,Templus Ceuta CEU01,Templus,ceuta,Ceuta,51001,Ceuta,35.89919236848361,-5.325331460602021,Facility,15906,,Under Construction,2.4,,,1.2,800.0,2500.0,2026,,1.2,Sole-tenant,1,2026-09-16,"Data Center Map, ficha templus-ceuta, capturada 2026-09-16",PRENSA,https://www.datacentermap.com/spain/ceuta/templus-ceuta/,,CE-01;CE-02;CE-03;CE-04
datacentermap,templus-madrid,Templus Madrid MAD01,Templus,madrid,Alcalá de Henares,28005,Madrid,40.4917484,-3.3941897,Facility,11380,,,20.0,10.0,10.0,,2600.0,16000.0,2013,Tier 3,,,1,2026-09-02,"Data Center Map, ficha templus-madrid, capturada 2026-09-02",PRENSA,https://www.datacentermap.com/spain/madrid/templus-madrid/,,MA-03;MA-04;MA-05;MA-06;MA-07;MA-23;MA-31
datacentermap,tilion-aragon,Tillion Aragon,Tillion DC,zaragoza,Villamayor de Gállego,50903,Aragon,41.7047005,-0.751145,Facility,15587,,,300.0,,150.0,,,,2030,,,,1,2026-09-02,"Data Center Map, ficha tilion-aragon, capturada 2026-09-02",PRENSA,https://www.datacentermap.com/spain/zaragoza/tilion-aragon/,AR-14;ARF-69;ARF-81;ARF-83,
datacentermap,titan,CPD Titan,Fibra Medios Telecom SL,murcia,Murcia,30030,Region de Murcia,38.0296735,-1.1635085,Facility,8953,,Operativo,,,,,,,,,,,1,2026-09-16,"Data Center Map, ficha titan, capturada 2026-09-16",PRENSA,https://www.datacentermap.com/spain/murcia/titan/,,
datacentermap,unizar-backup-data-center,UNIZAR Backup Data Center,University of Zaragoza,zaragoza,Zaragoza,50297,Aragon,41.68342692118986,-0.8841300785802275,Facility,18139,,Planned,,,,,,,2027,,,Sole-tenant,1,2026-09-16,"Data Center Map, ficha unizar-backup-data-center, capturada 2026-09-16",PRENSA,https://www.datacentermap.com/spain/zaragoza/unizar-backup-data-center/,,AR-03;AR-07;AR-08;AR-09;AR-17;ARB-03;ARB-08;ARB-41;ARF-04;ARF-05;ARF-20;ARF-24;ARF-27;ARF-28;ARF-29;ARF-30;ARF-40;ARF-44;ARF-47;ARF-50;ARF-54;ARF-56;ARF-57;ARF-60;ARF-66;ARF-74;ARF-76;ARF-78;ARF-80
datacentermap,unizar-primary-data-center,UNIZAR Primary Data Center,University of Zaragoza,zaragoza,Zaragoza,50297,Aragon,41.64274035584023,-0.8992916644004652,Facility,18138,,Planned,,,,,,,2027,,,Sole-tenant,1,2026-09-16,"Data Center Map, ficha unizar-primary-data-center, capturada 2026-09-16",PRENSA,https://www.datacentermap.com/spain/zaragoza/unizar-primary-data-center/,,AR-03;AR-07;AR-08;AR-09;AR-17;ARB-03;ARB-08;ARB-41;ARF-04;ARF-05;ARF-20;ARF-24;ARF-27;ARF-28;ARF-29;ARF-30;ARF-40;ARF-44;ARF-47;ARF-50;ARF-54;ARF-56;ARF-57;ARF-60;ARF-66;ARF-74;ARF-76;ARF-78;ARF-80
datacentermap,valfortec-alicante,Valfortec Data Center El Lobo,Valfortec,alicante,Monforte del Cid,03088,Comunitat Valenciana,38.39137208050036,-0.7315570395735221,Facility,18421,,Planned,30.0,,10.0,,,,,,,Multi-tenant (data centers only),1,2026-09-16,"Data Center Map, ficha valfortec-alicante, capturada 2026-09-16",PRENSA,https://www.datacentermap.com/spain/alicante/valfortec-alicante/,,VCF-01
datacentermap,vantage-zaragoza,Vantage - Zaragoza,Vantage Data Centers,zaragoza,Villanueva de Gállego,50288,Aragon,41.74460663576983,-0.839216215953428,Facility,15496,,Planned,,,,,,,,,,,1,2026-09-16,"Data Center Map, ficha vantage-zaragoza, capturada 2026-09-16",PRENSA,https://www.datacentermap.com/spain/zaragoza/vantage-zaragoza/,AR-12,
datacentermap,vdpc-data-center,VDPC Data Center,Valencia Digital Port Connect (VDPC),valencia,Sagunto,46220,Comunitat Valenciana,39.653186,-0.2220177,Facility,14605,,Planned,10.0,,1.5,,4800.0,,,,1.25,,1,2026-09-16,"Data Center Map, ficha vdpc-data-center, capturada 2026-09-16",PRENSA,https://www.datacentermap.com/spain/valencia/vdpc-data-center/,,
datacentermap,vodafone-marratxi-data-center,Vodafone Marratxi Data Center,Vodafone,palma,Marratxí,07036,Illes Balears,39.62253937220895,2.723303478669483,Facility,13800,,Operativo,,,,,140.0,,,,,,1,2026-09-16,"Data Center Map, ficha vodafone-marratxi-data-center, capturada 2026-09-16",PRENSA,https://www.datacentermap.com/spain/palma/vodafone-marratxi-data-center/,,
datacentermap,walhalla,Walhalla Data Center,Walhalla,castellon-de-la-plana,Castellon de la Plana,12040,Comunitat Valenciana,39.9960338,-0.074451,Facility,9481,,Operativo,2.0,,,,2000.0,,2011,,1.15,Multi-tenant (data centers only),1,2026-09-16,"Data Center Map, ficha walhalla, capturada 2026-09-16",PRENSA,https://www.datacentermap.com/spain/castellon-de-la-plana/walhalla/,,
