ccaa,figura,expedientes,proyectos,ejemplo
Andalucia,Contratacion publica,5,1,CP-01
Andalucia,Declaracion de proyecto estrategico,1,1,ANF-01
Aragon,PIGA / DIGA (Aragon),74,16,AR-01
Aragon,Evaluacion de impacto ambiental,27,6,AR-05
Aragon,Autorizacion electrica,19,3,AR-20
Aragon,Autorizacion ambiental integrada,7,1,AR-04
Aragon,Licencia municipal (actividad u obra),1,1,ARB-41
Aragon,Subvencion,1,1,ARF-91
Asturias,Declaracion de proyecto estrategico,1,1,AS-01
Cantabria,Declaracion de proyecto estrategico,1,1,CB-01
Cantabria,Via pecuaria o suelo publico,1,1,CB-02
Cantabria,Autorizacion electrica,1,1,CB-05
Castilla y Leon,Autorizacion ambiental integrada,2,2,CLF-02
Castilla y Leon,Licencia municipal (actividad u obra),1,1,CLF-01
Castilla-La Mancha,PSI (Castilla-La Mancha),13,2,CM-01
Castilla-La Mancha,Evaluacion de impacto ambiental,5,5,CLM-14
Castilla-La Mancha,Autorizacion ambiental integrada,2,2,CLM-13
Cataluna,Licencia municipal (actividad u obra),7,7,CT-01
Cataluna,Autorizacion ambiental integrada,1,1,CTF-02
Ceuta,Subvencion,3,1,CE-02
Ceuta,Evaluacion de impacto ambiental,1,1,CE-01
Comunitat Valenciana,Evaluacion de impacto ambiental,1,1,VCF-01
Extremadura,PREMIA / interes autonomico (Extremadura),2,2,EXF-01
Extremadura,Evaluacion de impacto ambiental,2,1,EXF-05
Extremadura,Plan especial o parcial,1,1,EXF-02
Extremadura,Autorizacion ambiental integrada,1,1,EXF-04
Extremadura,Autorizacion electrica,1,1,EX-01
Galicia,Contratacion publica,2,1,CP-05
Galicia,Declaracion de proyecto estrategico,1,1,GAF-02
Illes Balears,Evaluacion de impacto ambiental,2,2,IBF-01
Madrid,Autorizacion electrica,18,10,MA-01
Madrid,Plan especial o parcial,8,7,MA-04
Madrid,Via pecuaria o suelo publico,8,5,MA-11
Madrid,Evaluacion de impacto ambiental,7,4,MDB-11
Madrid,Autorizacion ambiental integrada,4,3,MA-05
Madrid,Licencia municipal (actividad u obra),1,1,MA-16
Pais Vasco,Autorizacion ambiental integrada,5,2,PVF-01
Pais Vasco,Evaluacion de impacto ambiental,5,2,PVF-03
Pais Vasco,Licencia municipal (actividad u obra),1,1,PVF-09
Region de Murcia,Autorizacion electrica,1,1,MCF-01
