cod_provincia,provincia,expedientes,proyectos,mw_it,anunciada_meur
01,Araba/Álava,8,2,,
02,Albacete,1,1,300.0,
03,Alacant/Alicante,1,1,,
06,Badajoz,3,1,110.0,469.8
07,Illes Balears,3,3,,
08,Barcelona,9,8,,
10,Cáceres,4,2,192.0,
13,Ciudad Real,1,1,30.0,500.0
15,A Coruña,5,2,,9.0
17,Girona,1,1,,
19,Guadalajara,7,3,26.3,2790.0
22,Huesca,16,3,419.6,3754.0
26,La Rioja,1,1,,
28,Madrid,56,24,969.7,500.0
29,Málaga,1,1,100.0,
30,Murcia,1,1,,
31,Navarra,1,1,,
33,Asturias,3,2,120.0,1226.3
34,Palencia,1,1,,
39,Cantabria,8,6,351.0,3612.0
41,Sevilla,5,1,,19.2
44,Teruel,2,2,,
45,Toledo,17,6,464.5,3751.3
46,València/Valencia,1,1,,
47,Valladolid,1,1,161.7,
48,Bizkaia,4,2,,
49,Zamora,2,1,200.0,
50,Zaragoza,125,24,3283.6,32910.0
51,Ceuta,4,1,1.2,4.3
