id_proyecto,proyecto,grupo,promotor_razon_social,provincia,municipios,situacion,primer_tramite,ultimo_tramite,n_tramites,n_tramites_oficiales,fiabilidad_maxima,potencia_electrica_mw,potencia_informatica_mw,potencia_transformacion_mva,potencia_demanda_mva,detalle_potencia,nudo_de_conexion,superficie_ha,superficie_construida_m2,inversion_expediente_meur,inversion_anunciada_meur,origen_inversion,pem_electrico_eur,ids_expedientes,doc_urbanistico,doc_ambiental,doc_electrico,doc_interes_autonomico,doc_municipal,doc_patrimonial,notas,nombre_referencia,cita_nombre_referencia,aviso,expedientes_enlazados
AR-P04,Calanza Inmuebles - Calatorao,,"Calanza Inmuebles, SL",Zaragoza,Calatorao; La Almunia de Doña Godina,Resuelto; publicado en BOA de 05-08-2026,2024-10-16,2026-09-07,9,8,OFICIAL,1000.0,,,,"Electrica (fase 2, mas de 1.000 MW)",,224.0,,,11805.0,Anuncio del promotor recogido en prensa,,AR-10; ARB-15; ARF-25; ARF-43; ARF-46; ARF-48; ARF-65; ARF-86; ARF-90,https://www.boa.aragon.es/cgi-bin/EBOA/BRSCGI?CMD=VEROBJ&MLKOB=1407264280606,https://www.hoyaragon.es/aragon/centro-datos-blackstone-qts-calatorao-ambiental/20260805100944140774.html,,,,,,Rhodes,ARF-43,,9
AR-P03,"Region Microsoft Aragon - La Muela, Villamayor de Gallego, Zaragoza",,Microsoft 7724 Spain,Zaragoza,La Muela; Villamayor de Gállego; Zaragoza (Puerto Venecia),En tramitacion; 349 alegaciones,2024-01-09,2026-07-30,15,12,OFICIAL,1846.0,,,,"Electrica concedida (dato de alegantes, no verificado en expediente)",,283.79,1468780.0,,5300.0,Presupuesto de urbanizacion y construccion declarado en el PIGA,,AR-07; AR-08; AR-09; ARF-17; ARF-18; ARF-22; ARF-30; ARF-50; ARF-51; ARF-85; ARF-66; ARF-67; ARF-36; ARF-37; ARF-77,https://www.aragonhoy.es/fomento-vivienda-logistica-cohesion-territorial/aprobado-inicialmente-piga-microsoft-instalacion-tres-centros-datos-aragon-102741,https://www.hoyaragon.es/zaragoza/alegaciones-microsoft-torrero-pinares/20260828113302143840.html,,,https://www.boa.aragon.es/cgi-bin/EBOA/BRSCGI?CMD=VEROBJ&MLKOB=1430277690505,,"Las fases anuncian cifras distintas (5300, 2882 M EUR); se toma la mayor, no la suma. Agrupacion de confianza media: misma sociedad (denominacion); 4 municipios",Región MSFT en Aragón,AR-07,,15
AR-P10,"Box2Bit - El Burgo de Ebro, Epila, Zaragoza (reservas en Carinena y Calatayud)",Capital Energy,Box2Bit,Zaragoza,Cariñena; El Burgo de Ebro; Zaragoza (reservas en Carinena y Calatayud); Épila,Anunciado; en tramitacion,2024-10,2026-05-12,5,3,OFICIAL,,,,,,,33.0,,,3900.0,Nota de prensa del Gobierno de Aragon (1.125 M EUR fase inicial + 2.775 M EUR fases posteriores),,AR-16; AR-17; ARF-26; ARF-68; ARF-79,https://www.boa.aragon.es/cgi-bin/EBOA/BRSCGI?CMD=VEROBJ&MLKOB=1363605680606,https://www.boa.aragon.es/cgi-bin/EBOA/BRSCGI?CMD=VEROBJ&MLKOB=1434356510505,,https://www.aragonhoy.es/consejos-de-gobierno/respaldo-gobierno-aragon-proyecto-box2bit-creara-1-800-puestos-epila-103723,,,"Las fases anuncian cifras distintas (3900, 3400 M EUR); se toma la mayor, no la suma. Agrupacion de confianza media: misma sociedad (denominacion); 3 municipios",Campus Ebro,ARF-26,,5
CB-P01,"Tavira 424 Servicios Corporativos - Pielagos, Villaescusa",Stoneshield Capital,"Tavira 424 Servicios Corporativos, SL",Cantabria,Pielagos; Villaescusa,"Compraventa formalizada (9.492.450 EUR, IVA incluido); unica oferta presentada",2025-07-04,2025-07-11,2,0,OFICIAL-PRENSA,500.0,,,,"Potencia electrica prevista para el campus: 100 MW en 2028 y 500 MW en 2030, desde la SE Penagos 220 kV. Cifra de la nota de prensa del Gobierno de Cantabria de 25-02-2025; NO consta en el acuerdo publicado en el BOC (CVE-2025-6137), que no cita ni MW ni euros. No es potencia informatica.",imputa a inversion_meur,63.64,,,3600.0,"Anuncio del promotor recogido en las notas de prensa del Gobierno de Cantabria de 25-02-2025, 04-06-2025 y 11-07-2025 ('mas de 3.600 M EUR', tres fases); no consta en el acuerdo del BOC",,CB-01; CB-02,,,,https://boc.cantabria.es/boces/verAnuncioAction.do?idAnuBlob=422571,,https://www.cantabria.es/web/gobierno/detalle/-/journal_content/56_INSTANCE_DETALLE/16413/88367694,Agrupacion de confianza media: misma sociedad (denominacion); 2 municipios,Campus Altamira,CB-02,,2
AR-P06,Vantage Data Centers - Villanueva de Gallego,,Vantage Data Centers,Zaragoza,Villanueva de Gállego,Pendiente de resolucion del INAGA,2025-10-01,2026-03-17,3,2,OFICIAL,90.0,,,,Electrica concedida fase 1,,48.0,521000.0,,3200.0,Nota de prensa del promotor,,AR-12; ARF-52; ARF-73,https://www.boa.aragon.es/cgi-bin/EBOA/BRSCGI?CMD=VEROBJ&MLKOB=1440101010808,https://www.elespanol.com/aragon/economia/20260320/centro-datos-vantage-villanueva-gallego-comenzara-funcionar-sin-energia-renovable/1003744176749_0.html,,,,,,Campus Villanueva de Gállego,ARF-52,,3
CM-P06,DC Estate Malpica - Mora,,"DC Estate Malpica, SL",Toledo,Mora,En tramitacion (fase de consultas previas); MoU no vinculante con el Ayuntamiento de Mora firmado en junio de 2026,2026-07-15,2026-07-15,1,0,OFICIAL-PRENSA,,300.0,,,"Potencia informatica (IT) 300 MW en dos edificios de 150 MW; generacion propia in situ: 30 modulos de pilas de combustible Bloom Energy de 10 MW (300 MW, gas natural) sobre 3 ha, mas planta FV de 60 MW nominales / 71,47 MWp; sin conexion inicial a la red",,218.85,,,3000.0,Prensa: anuncio de EdgeMode en la presentacion con el Ayuntamiento de Mora (Europa Press/idealista 11-06-2026; DCD 23-06-2026); no consta en el documento inicial,,CLM-17,,https://nevia.castillalamancha.es/forms/nevif101.php,,,,,,Data Center Malpica AI,CLM-17,,1
AR-P07,"Grupo Samca - Green IT Aragon - Luceni, Pedrola, Plasencia de Jalon",,Grupo Samca - Green IT Aragon,Zaragoza,Luceni; Pedrola; Plasencia de Jalon; Rueda de Jalon,Aprobado; obras 2S-2026; operativo 2028,2025-09-15,2025-12-30,5,4,OFICIAL,131.0,,,,Electrica inicial (escalable a 300 MW),,,4087850.0,,2627.0,Anuncio del promotor recogido en prensa,,AR-13; ARF-63; ARF-64; ARF-49; ARF-62,https://www.datacenterdynamics.com/es/noticias/grupo-samca-impulsa-en-zaragoza-un-campus-de-centros-de-datos-con-inversi%C3%B3n-de-2627-millones/,https://www.boa.aragon.es/cgi-bin/EBOA/BRSCGI?CMD=VEROBJ&MLKOB=1428682970505,,,,,Agrupacion de confianza media: misma sociedad (denominacion); 4 municipios,Green IT Aragón,ARF-63,,5
AR-P01,"Region AWS Aragon (Amazon Data Services Spain) - Villanueva de Gallego, El Burgo de Ebro, Huesca (Walqa), Zaragoza",,"Amazon Data Services, Spain, SL",Zaragoza / Huesca,El Burgo de Ebro; Huesca (Walqa); La Cartuja Baja; La Sotonera (Plasencia del Monte); Villanueva de Gállego; Zaragoza; Zaragoza – La Cartuja,Resolucion favorable; publicada en BOA nov-2025; en obra,2019-11-13,2026-06-24,59,54,OFICIAL,300.0,,1000.0,,Consumo declarado 1.766.000 MWh/ano; Electrica solicitada,,797.57,1438656.03,6.22457167,2500.0,Nota de prensa del Gobierno de Aragon (10 anos),6224571.67,AR-01; AR-02; AR-03; AR-04; AR-05; AR-20; AR-21; ARB-03; ARB-04; ARB-05; ARB-07; ARB-08; ARB-09; ARB-10; ARB-11; ARB-12; ARB-13; ARB-14; ARF-27; ARF-78; ARF-02; ARF-07; ARF-08; ARF-09; ARF-10; ARF-14; ARF-20; ARF-24; ARF-28; ARF-29; ARF-31; ARF-32; ARF-33; ARF-40; ARF-47; ARF-54; ARF-55; ARF-56; ARF-57; ARF-58; ARF-59; ARF-60; ARF-76; ARF-80; ARB-20; ARB-21; ARB-22; ARB-23; ARB-33; ARF-01; ARF-03; ARF-06; ARF-11; ARF-13; ARF-21; ARF-23; ARF-38; ARF-39; ARB-18,https://www.aragon.es/-/planes-y-proyectos-de-interes-general-de-aragon,https://www.elespanol.com/aragon/economia/20260527/amazon-recibe-visto-bueno-ambiental-continuar-expansion-centros-datos-burgo-ebro/1003744260953_0.html,https://www.boa.aragon.es/cgi-bin/EBOA/BRSCGI?CMD=VEROBJ&MLKOB=1256194384444,,https://www.boa.aragon.es/cgi-bin/EBOA/BRSCGI?CMD=VEROBJ&MLKOB=1110408400202,,Agrupacion de confianza media: misma sociedad (denominacion); 6 municipios. Transformacion leida del expediente: 2 x 400 MVA; 2 x 100 MVA,Región AWS Aragón,ARF-54,,59
CM-P08,"B2B Axis East - Brihuega, Torija, Valdegrudas",,"B2B Axis East, SLU",Guadalajara,Brihuega; Torija; Valdegrudas,Anunciado; no consta DIR ni PSI en el DOCM 2019-2026,2022-11-03,2025-03-17,2,0,OFICIAL-PRENSA,,,,,,ha cumplido,,,,1750.0,"Anuncio del promotor de noviembre de 2022 (Axis East, 112.000 m2, 1.750 M EUR; prensa); cifra no actualizada ni presente en el anuncio oficial",,CLM-19; CLM-20,,https://docm.jccm.es/docm/descargarArchivo.do?ruta=2025/03/17/pdf/2025_1989.pdf&tipo=rutaDocm,,,https://torija.com/noticias-y-actualidad/ayuntamiento/box2bit-se-instalara-en-torija-y-creara-250-empleos-directos-y-2650-durante-la-construccion,,,Axis East,CLM-20,,2
AR-P09,ACS Data Centers (ACS DC Infra La Puebla) - La Puebla de Alfinden,,ACS Data Centers,Zaragoza,Castejón de Sos; La Puebla de Alfindén; Villamayor de Gállego,Informacion publica 30 dias habiles,2025-07-02,2026-08-13,13,12,OFICIAL,300.0,,600.0,,Electrica (150 MW fase 1 + 150 MW fase 2),Penaflor 400 kV,25.0,827428.0,20.07993779,1254.0,Anuncio recogido en prensa (hasta 2.500 M EUR con fase 2),20079937.79,AR-15; AR-18; BOE-01; ARF-42; ARF-45; ARF-53; ARF-84; ARF-87; ARF-88; ARB-01; ARB-02; ARB-17; ARF-91,https://www.boa.aragon.es/cgi-bin/EBOA/BRSCGI?CMD=VEROBJ&MLKOB=1408511730505,https://www.boa.aragon.es/cgi-bin/EBOA/BRSCGI?CMD=VEROBJ&MLKOB=1404788860606,https://www.boe.es/diario_boe/txt.php?id=BOE-B-2026-24883,,https://www.boa.aragon.es/cgi-bin/EBOA/BRSCGI?CMD=VEROBJ&MLKOB=1456866990505,,Transformacion leida del expediente: 2 x 300 MVA,ACS DC La Puebla,AR-18,,13
AS-P01,Sales For You Consulting - Salas,,"Sales For You Consulting, SL",Asturias,Salas,"Anunciado; PIER ni declarado ni sometido a informacion publica: no figura en el portal PIER de IDEPA/Sekuens (solo Salave y Costco) ni en BOPA a 02-09-2026. Calendario del promotor: tramitacion 2026-2027, urbanizacion 2S-2027 a 1S-2028, construccion 3T-2027 a 4T-2030, entrada en servicio progresiva hasta finales de 2030",2026-08-03,2026-08-03,1,0,OFICIAL-NP,,120.0,,,Informatica: capacidad informatica final declarada por el promotor (24 MW fase 1 + 96 MW fase 2). Potencia electrica NO declarada en la fuente,,15.46,,,1226.3,"Cifra del promotor recogida en nota de prensa del Gobierno del Principado: 240 M EUR fase 1 + 960 M EUR fase 2 + terrenos, urbanizacion e instalacion fotovoltaica = 1.226,3 M EUR. Anuncio, no presupuesto de expediente. PwC firma el estudio de impacto economico (4.177 M EUR de PIB en 20 anos), no la cifra de inversion",,AS-01,,,,https://actualidad.asturias.es/-/digital-valley38,,,,Digital Valley Asturias,AS-01,,1
AR-P05,"Merlin Properties - Botorrita, Muel",,"Merlin Properties, SOCIMI",Zaragoza,Botorrita; Muel,Aprobada; obras previstas 2027,2026-07-22,2026-08-14,2,1,OFICIAL,467.0,,,,Electrica (227 MW fase 1 + 240 MW fase 2),,60.0,,,1224.0,Memoria del promotor recogida en el acuerdo de Consejo de Gobierno,,AR-11; ARF-89,,https://www.boa.aragon.es/cgi-bin/EBOA/BRSCGI?CMD=VEROBJ&MLKOB=1462255950606,,https://www.aragonplay.es/aragonnoticias/zaragoza/merlin-properties-levantara-centro-datos-botorrita-inversion-1-224-millones.html,,,Agrupacion de confianza media: misma sociedad (denominacion); 2 municipios,Zaragoza-WIND,ARF-89,,2
AR-P08,Grupo Azora - Tillion Data Centers - Villamayor de Gallego,,Grupo Azora - Tillion Data Centers,Zaragoza,Villamayor de Gállego,DIGA aprobada; PIGA en tramitacion,2025-03,2026-07-07,5,4,OFICIAL,150.0,,,,Electrica inicial (ampliable a 300 MW),,,799072.63,,1100.0,Nota de prensa del Gobierno de Aragon (hasta 1.950 M EUR con ampliacion; 2.360 M EUR en prensa jul-2026),,AR-14; ARF-81; ARF-83; ARF-69; ARF-82,https://www.boa.aragon.es/cgi-bin/EBOA/BRSCGI?CMD=VEROBJ&MLKOB=1436132300707,https://www.boa.aragon.es/cgi-bin/EBOA/BRSCGI?CMD=VEROBJ&MLKOB=1456133040707,,https://www.aragonhoy.es/presidencia-de-gobierno/azora-levantara-centro-datos-villamayor-gallego-inversion-inicial-1-100-millones-euros-99309,,,,Tillion Aragón,ARF-83,"Posible mismo campus que AR-P05-3 (Tillion Aragón, Villamayor de Gállego): pendiente de revisar si se funden",5
CM-P03,Nostrum Data Centers (GUA1) - Guadalajara,,"Guadalajara Data Center, SLU",Guadalajara,Guadalajara,Diseno 2026; obras a finales de 2026; operacion 2028,2025-09-22,2026-04-28,4,2,OFICIAL,40.0,26.3,80.0,,"Electrica concedida (40 MWe) segun la nota municipal; hasta 29 MW de potencia informatica en cuatro salas (la nota) frente a 26,3 MW IT del proyecto basico; Electrica concedida (40 MWe); 29 MW de potencia informatica en salas; Electrica total del centro de datos 40 MW; potencia informatica (IT) 26,3 MW (4 data halls de 6,6 MW), segun el resumen no tecnico del proyecto basico (Ingenostrum, DCSP.0004.2.M.AM.103-2A, version 2A de 23-02-2026) aportado al expediente",,2.08,15977.81,62.879372,1000.0,"Presupuesto de ejecucion por contrata del proyecto basico, tabla 20 del resumen no tecnico (DCSP.0004.2.M.AM.103-2A, 23-02-2026): A presupuesto de ejecucion material 62.879.372 EUR (28,2 %), B equipos electricos y mecanicos 119.050.420 EUR (53,3 %), C mobiliario y equipamiento 1.205.927, D seguridad y salud 297.454, E gestion de residuos 1.588.871, F control de calidad 2.521.008, G gastos generales y beneficio industrial 35.633.180 (19 % de A a F). Total 223.176.233 EUR. Base imponible del ICIO = PEM = 62.879.372 EUR. VERIFICADO A MANO.",62879372.0,CLM-13; CLM-14; CLM-15; CM-02,,https://docm.jccm.es/docm/descargarArchivo.do?ruta=2026/04/28/pdf/2026_3045.pdf&tipo=rutaDocm,,,https://www.guadalajara.es/es/noticia/nostrum-data-centers-creara-en-guadalajara-un-nuevo-centro-de-datos-de-40-mwe-que-reforzara-la-posicion-de-la-ciudad-como-nodo-digital-estrategic.html,,"Las fases anuncian cifras distintas (1000, 223.18 M EUR); se toma la mayor, no la suma. Transformacion leida del expediente: 2 x 40 MVA",Guadalajara Data Center (GUA1),CLM-13,,4
CM-P01,"Zarza Networks - Calera y Chozas, Talavera de la Reina",Meta,"Global Villacreces, SL",Toledo,Calera y Chozas; Talavera de la Reina,Aprobado definitivamente; sin obra iniciada; reparcelacion aprobada 21-08-2026,2022-03-11,2026-08-21,12,12,OFICIAL,,,480.0,240.0,"La DIA no declara MW del centro de datos; declara demanda maxima global prevista de 240 MVA en la subestacion propia y una planta FV asociada de 24,3 MW nominales / 31,6 MWp (mas 1,09 MWp in situ)",Calera y Chozas 220 kV,191.19,137000.0,,750.0,Nota de prensa oficial de la Junta de Comunidades de Castilla-La Mancha en la aprobacion definitiva,,CLM-01; CLM-02; CLM-03; CLM-04; CLM-05; CLM-06; CLM-07; CLM-08; CLM-09; CLM-10; CLM-11; CM-01,https://docm.jccm.es/docm/descargarArchivo.do?ruta=2022/03/11/pdf/2022_2021.pdf&tipo=rutaDocm,https://docm.jccm.es/docm/descargarArchivo.do?ruta=2023/12/04/pdf/2023_9812.pdf&tipo=rutaDocm,https://docm.jccm.es/docm/descargarArchivo.do?ruta=2025/12/23/pdf/2025_9549.pdf&tipo=rutaDocm,,,https://docm.jccm.es/docm/descargarArchivo.do?ruta=2024/06/10/pdf/2024_4557.pdf&tipo=rutaDocm,"Agrupacion de confianza media: fusion por grupo matriz Castilla-La Mancha|META PLATFORMS y municipio comun de 3 sociedades: Global Villacreces, Meta, Zarza Networks. Transformacion leida del expediente: 4 x 120 MVA; demanda 240 MVA. El expediente declara instalados y demanda: la redundancia real es 2.00, frente al 2,00 que la cadena supone",Meta Data Center Campus,CLM-02,,12
CM-P05,Solaria Energia y Medio Ambiente - Puertollano,,"Solaria Energia y Medio Ambiente, SA",Ciudad Real,Puertollano,En tramitacion; sin anuncio de informacion publica en el DOCM a 02-09-2026,2026-07-13,2026-07-13,1,0,OFICIAL-PRENSA,40.0,30.0,,,"Electrica 40 MW y 30 MW de potencia informatica (IT), fase tramitada; el acuerdo Solaria-Datasection (sep-2024) contempla hasta 200 MW",,4.15,,,500.0,"Prensa: declaracion del consejero delegado de Solaria en el acto de Puertollano ('casi 500 millones de euros en esta primera fase'), DCD 19-09-2024; no consta en el expediente",,CLM-16,,https://nevia.castillalamancha.es/forms/nevif101.php,,,,,,,,,1
EX-P05,Data Riocaya - Badajoz,,Data Riocaya,Badajoz,Badajoz,,2026-05-25,2026-06-11,3,3,OFICIAL,,110.0,1200.0,,"Informatica: 110 MW IT declarados (el documento da tambien 10); potencia electrica 470 MW (el documento da tambien 170, 5), segun EXTREMAMBIENTE_AAI25-024_EsIA_Nostrum-Evergreen-DC_Badajoz.pdf",toma el maximo,,222734.0,,469.83,"Presupuesto de ejecucion material del proyecto, leido del anexo tecnico EXTREMAMBIENTE_AAI25-024_EsIA_Nostrum-Evergreen-DC_Badajoz.pdf: 469.829.626,17 EUR. Es el presupuesto del centro completo —el documento declara 110 MW de potencia informatica—, no el de una instalacion electrica, y por eso no va en pem_eur",,EXF-05; EXF-06; EX-01,,https://doe.juntaex.es/pdfs/doe/2026/980o/980o.pdf,https://doe.juntaex.es/pdfs/doe/2026/500o/500o.pdf,,,,Agrupacion de confianza baja: misma sociedad (NIF B70639497). Transformacion leida del expediente: 8 x 150 MVA,Nostrum Evergreen Data Center (DC Badajoz),EXF-05,,3
MA-P10,"Equinix (Spain) - Alcobendas, Algete, San Sebastian de los Reyes",,"Equinix (Spain), SAU",Madrid,Alcobendas; Algete; San Sebastián de los Reyes,Anunciado,2022,2026-05-13,7,6,OFICIAL,,,,,,,,21004.0,0.44140072999999996,460.0,Nota de prensa oficial de la Comunidad de Madrid,441400.73,MA-18; MA-21; MA-22; MDB-04; MDB-14; MDB-15; MDB-18,https://www.comunidad.madrid/transparencia/sites/default/files/regulation/documents/1_memoria_pe.pdf,https://www.bocm.es/boletin/CM_Orden_BOCM/2023/03/30/BOCM-20230330-32.PDF,https://www.bocm.es/boletin/CM_Orden_BOCM/2025/06/03/BOCM-20250603-56.PDF,https://www.comunidad.madrid/noticias/2025/06/27/diaz-ayuso-cierra-equinix-inversion-460-millones-expandir-su-campus-centro-datos-alcobendas,,https://www.comunidad.madrid/transparencia/090322-ocupacion-vias-pecuarias-cordel-matalpinonera-colada-arroyo-vinuelas-colada-camino-barajas,Agrupacion de confianza media: misma sociedad (NIF A41696097); 3 municipios,,,,7
CM-P11,Fortinet - Torija,,Fortinet,Guadalajara,Torija,"Operativo desde enero de 2025 (Tier III, ENS categoria alta, PUE 1,1)",2025-01-29,2025-01-29,1,0,PRENSA,,,,,Prensa: 'potencia de 7 megavatios' (no consta si electrica o informatica),publica en el DOCM,,11250.0,,40.0,Comunicado de la empresa recogido por Europa Press/elDiario.es y DCD (30-01-2025),,CLM-23,,,,,https://www.eldiario.es/castilla-la-mancha/social/fortinet-inaugura-torija-primer-centro-datos-espana-invertir-40-millones_1_12003286.html,,,,,,1
MA-P11,Microsoft 7724 Spain - Alcala de Henares,,Microsoft 7724 Spain,Madrid,Alcala de Henares,Informacion publica / alegaciones,2025-10-01,2025-10-01,1,0,OFICIAL-PRENSA,,,,,"Prensa: 22,3 MW actuales, objetivo 100 MW (no consta si es electrica o informatica)",,,26000.0,,40.0,Prensa,,MA-23,https://www.comunidad.madrid/transparencia/sia-25139-plan-especial-sector-26-poligono-industrial-matillas-alcala-henares,,,,,,,,,,1
AN-P01-2,Sociedad Andaluza para el Desarrollo de las Telecomunicaciones - sin localizar,,"Sociedad Andaluza para el Desarrollo de las Telecomunicaciones, SA",Sevilla,,,2024-03-20,2025-09-03,5,5,OFICIAL,,,,,,,,,,19.203,"Importe de adjudicacion del contrato publico, anuncio TED 574958-2025 de 2025-09-03",,CP-01; CP-02; CP-03; CP-04; CP-07,,,,,,,Agrupacion de confianza baja: misma sociedad (denominacion),Nuevo CPD de la Junta de Andalucía,CP-01,,5
CB-P07,"CIGSA - Santander (PCTCAN, edificio CISGA)",Ambar,CIGSA,Cantabria,"Santander (PCTCAN, edificio CISGA)",Anunciado; entrada en funcionamiento prevista a partir del tercer trimestre de 2024; no se ha localizado confirmacion oficial de apertura ni expediente en el BOC a 02-09-2026,2023-11-21,2023-11-21,1,0,OFICIAL-NP,,,,,,,,2000.0,,12.0,"Nota de prensa del Gobierno de Cantabria de 21-11-2023 (12 M EUR de inversion total en cuatro fases segun ocupacion; 3 M EUR la primera fase; Sodercan aporta el 17 % de la financiacion propia, casi 200.000 EUR)",,CB-07,,,,https://www.cantabria.es/web/comunicados/w/buruaga-presenta-el-primer-centro-de-datos-para-uso-p%C3%BAblico-y-privado-de-cantabria-que-entrar%C3%A1-en-servicio-en-2024,,,,Iberia Data Center,CB-07,,1
GA-P01-2,Fundación Pública Gallega Centro Tecnológico de Supercomputación de Galicia - sin localizar,,Fundación Pública Gallega Centro Tecnológico de Supercomputación de Galicia,A Coruña,Santiago de Compostela,,2024-11-22,2025-08-08,3,3,OFICIAL,,,,,,,,,,9.027,"Presupuesto de licitacion del contrato publico, anuncio TED 713758-2024 de 2024-11-22",,CP-05; CP-06; GAF-02,,,,,https://www.xunta.gal/dog/Publicados/2025/20250808/AnuncioG0761-050825-0006_es.pdf,,Agrupacion de confianza media: misma sociedad (denominacion),Edificio DATACENTER del CESGA,CP-05,,3
CE-P02,AVANGREEN ENERGY SOLUTIONS - Ceuta,,"AVANGREEN ENERGY SOLUTIONS, SA",Ceuta,Ceuta,,2022-11-11,2024-07-19,4,4,OFICIAL,,1.2,,,"Informatica: 1.2 MW IT declarados, segun el anuncio BOCCE-6391-2024-03-15-jd1931-22347.pdf",,,,,4.26,Coste de inversion total declarado en la resolucion de concesion de la ayuda,,CE-02; CE-01; CE-03; CE-04,,,,,,,Agrupacion de confianza baja: misma sociedad (denominacion),,,,4
CM-P10,Oasix - Talavera de la Reina,,Oasix,Toledo,Talavera de la Reina,Operativo desde junio de 2022,2022-06-29,2022-06-29,1,0,OFICIAL-NP,,,,,,,,,,1.3,"Nota del Ayuntamiento de Talavera de la Reina de 29-06-2022 ('inversion de 1,3 millones de euros')",,CLM-22,,,,,https://talavera.es/noticias/la-nueva-empresa-tecnologica-del-grupo-aire-se-inaugura-en-talavera-creando-300-puestos-de-trabajo/,,,,,,1
MA-P19,ATLAS DC2 - Alcobendas,,"ATLAS DC2, SL",Madrid,Alcobendas,,2025-11-25,2025-11-25,1,1,OFICIAL,,,200.0,,,,,,,,,,MA-33,,,https://www.bocm.es/boletin/CM_Orden_BOCM/2025/11/25/BOCM-20251125-33.PDF,,,,Transformacion leida del expediente: 2 x 100 MVA,,,,1
PV-P06,Aeternal Mentis - Laguardia,,,Araba/Álava,Laguardia,,2021-09-20,2021-09-20,1,1,OFICIAL,,,,,,,,,,,,,PVF-09,,,,,https://www.araba.eus/BOTHA/Boletines/2021/107/2021_107_03092_C.pdf,,Agrupacion de confianza baja: promotor no identificado: no se ha podido agrupar,,,,1
AR-P02,Amazon Web Services - El Burgo de Ebro,,"Amazon Web Services, SL",Zaragoza,El Burgo de Ebro,Aprobado,2023,2023,1,0,OFICIAL-NP,,,,,,,,,,,,,AR-06,,,https://www.aragonhoy.es/consejos-de-gobierno/aprobada-construccion-linea-alta-tension-conectar-centro-datos-amazon-burgo-ebro-93134,,,,,,,,1
AR-P05-2,Aragon Plataforma Logistica - Huesca,,,Huesca,Huesca,,2023-03-15,2023-03-15,1,1,OFICIAL,,,,,,,,,,,,,ARF-16,https://www.boa.aragon.es/cgi-bin/EBOA/BRSCGI?CMD=VEROBJ&MLKOB=1266225461212,,,,,,Agrupacion de confianza baja: promotor no identificado: no se ha podido agrupar,,,,1
AR-P04-2,"Axent Infraestructuras de Telecomunicaciones - El Burgo de Ebro, Zaragoza",,"Axent Infraestructuras de Telecomunicaciones, SA",Zaragoza,El Burgo de Ebro; Zaragoza,,2020-04-01,2020-04-01,2,2,OFICIAL,,,,,,,,,,,,,ARF-04; ARF-05,,https://www.boa.aragon.es/cgi-bin/EBOA/BRSCGI?CMD=VEROBJ&MLKOB=1113073352323,,,,,Agrupacion de confianza baja: misma sociedad (denominacion); 2 municipios,,,,2
MA-P01-3,Ayuntamiento de Alcobendas - modificacion del PGOU para usos de centro de datos,,,Madrid,Alcobendas,,2023-12-13,2023-12-13,1,1,OFICIAL,,,,,,,,,,,,,MDF-01,,https://www.bocm.es/boletin/CM_Orden_BOCM/2023/12/13/BOCM-20231213-41.PDF,,,,,Agrupacion de confianza baja: promotor no identificado: no se ha podido agrupar,,,,1
AS-P02,Ayuntamiento de Salas - Salas,,Ayuntamiento de Salas,Asturias,Salas,Plazo de consultas de 20 dias habiles finalizado; sin informe ambiental estrategico publicado en BOPA a 02-09-2026,2026-04-06,2026-06-30,2,2,OFICIAL,,,,,,ha podido leer el documento ambiental,,,,,,,AS-02; AS-03,https://sede.asturias.es/bopa/2026/04/06/2026-02414.pdf,https://sede.asturias.es/bopa/2026/06/30/2026-05309.pdf,,,,,,,,,2
AR-P01-5,Best Wonder Business - Alfajarín,,"Best Wonder Business, SL",Zaragoza,Alfajarín,,2022-06-14,2022-06-14,1,1,OFICIAL,,,,,,,,40141.0,,,,,ARF-15,,,,,,,Agrupacion de confianza baja: misma sociedad (denominacion),,,,1
CM-P09,Box2Bit Axis South - Recas,Capital Energy,Box2Bit,Toledo,Recas,Anunciado (nov-2022); sin rastro en DOCM ni Nevia a 02-09-2026,2023-02-03,2023-02-03,1,0,OFICIAL-NP,,,,,,,,,,,,,CLM-21,,,,https://www.castillalamancha.es/actualidad/notasdeprensa/castilla-la-mancha-se-posiciona-como-una-alternativa-para-el-sector-de-los-centros-de-datos-nivel,,,,Axis South,CLM-21,,1
AR-P03-2,Búfalo - Magallon,,,Zaragoza,Magallón,,2025-12-02,2025-12-02,2,2,OFICIAL,,,,,,,,,,,,,ARF-61; ARF-92,https://www.boa.aragon.es/cgi-bin/EBOA/BRSCGI?CMD=VEROBJ&MLKOB=1424067523636,,,,,,Agrupacion de confianza baja: promotor no identificado: no se ha podido agrupar,Búfalo,ARF-61,,2
EX-P01,CC Green And Sustainable (Caceres Green) - Caceres,,,Cáceres,Cáceres,,2024-09-02,2024-10-18,2,2,OFICIAL,,,,,,,,99304.91,,,,,EXF-01; EXF-02,https://doe.juntaex.es/pdfs/doe/2024/1700o/1700o.pdf,https://doe.juntaex.es/pdfs/doe/2024/2040o/2040o.pdf,,,,,Agrupacion de confianza media: promotor no identificado: no se ha podido agrupar,,,,2
CT-P01-3,CONESITE INVESTMENTS - Cerdanyola del Vallès,,"CONESITE INVESTMENTS, SA",Barcelona,Cerdanyola del Vallès,,2025-08-05,2025-08-05,1,1,OFICIAL,,,,,,,,,,,,,CTB-04,,,,,https://bop.diba.cat/anunci/3801297,,Agrupacion de confianza baja: misma sociedad (denominacion),,,,1
CT-P01-2,CPD de la Policia Local de Lloret de Mar,,,Girona,Lloret de Mar,,2019-03-08,2019-03-08,1,1,OFICIAL,,,,,,,,,,,,,CT-01,,,,,https://dogc.gencat.cat/es/document-del-dogc/?documentId=845740,,,,,,1
AR-P02-2,Carrocerías Vicente Salomón Sanz - Remolinos,,"Carrocerías Vicente Salomón Sanz, SL",Zaragoza,Remolinos,,2025-04-29,2025-04-29,1,1,OFICIAL,,,,,,,,30825.0,,,,,ARF-35,,,,,,,Agrupacion de confianza baja: misma sociedad (denominacion),Ampliación para Data Center de Eurocontainer,ARF-35,,1
MA-P15,Cignus P2DC - Daganzo de Arriba,,"Cignus P2DC, SL",Madrid,Daganzo de Arriba,Publicado,2026-02-06,2026-04-14,3,3,OFICIAL,,,,,,,,,,,,,MA-28; MA-29; MDF-03,https://www.comunidad.madrid/medio-ambiente/evaluacion-ambiental-estrategica,https://www.comunidad.madrid/transparencia/solicitud-autorizacion-ambiental-integrada-cignus-p2dc-sl-daganzo-arriba-exp-26-ippc-0007162025,,,,,,,,,3
AR-P10-2,Clave Logística Aragonesa - Villamayor de Gállego,,"Clave Logística Aragonesa, SL",Zaragoza,Villamayor de Gállego,,2025-07-02,2025-07-02,1,1,OFICIAL,,,,,,,,1247463.0,,,,,ARF-41,,https://www.boa.aragon.es/cgi-bin/EBOA/BRSCGI?CMD=VEROBJ&MLKOB=1401753961212,,,,,Agrupacion de confianza baja: misma sociedad (denominacion),,,,1
RI-P01,Cuidados Integrales - El Villar de Arnedo,,,La Rioja,El Villar de Arnedo,,2022-07-07,2022-07-07,1,1,OFICIAL,,,,,,,,,,,,,RI-01,,,,,https://web.larioja.org/bor-portada/boranuncio?n=anu-547294,,Agrupacion de confianza baja: promotor no identificado: no se ha podido agrupar,,,,1
MA-P03-2,CyrusOne Madrid 1 - Alcobendas,,,Madrid,Alcobendas,,2026-04-27,2026-04-27,1,1,OFICIAL,,,,,,,,,,,,,MDF-04,,https://www.bocm.es/boletin/CM_Orden_BOCM/2026/04/27/BOCM-20260427-47.PDF,,,,,Agrupacion de confianza baja: promotor no identificado: no se ha podido agrupar,,,,1
MA-P08,DATA 4 Castilla - San Agustin del Guadalix,,DATA 4 Castilla,Madrid,Algete; El Molar; Fuente el Saz de Jarama; San Agustin del Guadalix,En tramitacion,2023,2026-07-31,5,5,OFICIAL,,,,,,,,,,,,,MA-14; MA-16; MDB-05; MDB-16; MA-17,,https://www.bocm.es/boletin/CM_Orden_BOCM/2026/07/31/BOCM-20260731-52.PDF,https://www.comunidad.madrid/transparencia/2025p36-proyecto-instalacion-subestacion-6620-kv-data-4-ardales,,https://www.bocm.es/boletin/CM_Orden_BOCM/2025/07/02/BOCM-20250702-100.PDF,https://www.bocm.es/boletin/CM_Orden_BOCM/2026/03/31/BOCM-20260331-50.PDF,,,,,5
CM-P07,DC Estate Vianos - Vianos,,"DC Estate Vianos, SL",Albacete,Vianos,En tramitacion (fase de consultas previas); sin anuncio publico ni prensa localizados,2026-06-15,2026-06-15,1,1,OFICIAL,,300.0,,,"Potencia informatica (IT) 300 MW en dos edificios; generacion propia con complejo de turbinas de gas (unidades de unos 62 MW) mas planta FV de 60 MW nominales / 73,93 MWp",,98.82,,,,,,CLM-18,,https://nevia.castillalamancha.es/forms/nevif101.php,,,,,,Data Center Vianos AI,CLM-18,,1
CA-P03,"DC Mudarra - CPD San Lorenzo, Torrelobaton",,,Valladolid,Torrelobatón,,2026-07-22,2026-07-22,1,1,OFICIAL,231.2,,,,"Electrica: 231.2 MW declarados (el documento da tambien 103.2), segun 013-26-AAVA_Torrelobaton_AAI_CPD_San_Lorenzo_proyecto_basico.pdf",,,,,,,,CLF-03,,https://bocyl.jcyl.es/boletines/2026/07/22/pdf/BOCYL-D-22072026-140-20.pdf,,,,,Agrupacion de confianza baja: promotor no identificado: no se ha podido agrupar,Centro de Proceso de Datos San Lorenzo,CLF-03,,1
CA-P02,Data Center Hiperescalar IA Zamora (FRV-X Renewable / Edison Next) - Monfarracinos,,,Zamora,Monfarracinos,,2026-08-05,2026-09-16,2,2,OFICIAL,,200.0,,,"Informatica: 200 MW IT declarados, segun 003-26-AAZA_Monfarracinos_EG1823_AAI_Data_Center_Resumen_no_tecnico.pdf",,,,,,,,CLF-02; CL-01,,https://bocyl.jcyl.es/boletines/2026/08/05/pdf/BOCYL-D-05082026-150-18.pdf,,,,,Agrupacion de confianza media: promotor no identificado: no se ha podido agrupar,Data Center Hiperescalar IA Zamora,CLF-02,,2
AR-P12,"Data Center Ribera del Ebro - Luceni, Plasencia de Jalón, Rueda de Jalón",,"Data Center Ribera del Ebro, SL",Zaragoza,Luceni; Plasencia de Jalón; Rueda de Jalón,,2026-02-05,2026-02-11,4,4,OFICIAL,,,840.0,,,,,,30.75418437,,,30754184.37,AR-22; AR-23; AR-24; AR-25,,,https://www.boa.aragon.es/cgi-bin/EBOA/BRSCGI?CMD=VEROBJ&MLKOB=1434092950505,,,,Agrupacion de confianza media: misma sociedad (denominacion); 3 municipios. Transformacion leida del expediente: 6 x 140 MVA,,,,4
MA-P03,Data Holding Future - Alcala de Henares,,"Data Holding Future, SLU",Madrid,Alcala de Henares,Dejada sin efecto el 23-11-2021 por nuevo cambio de titularidad,2020-05-26,2020-05-26,1,1,OFICIAL,,,,,,,,,,,,,MA-05,,https://gestiona.comunidad.madrid/rlma_web/html/web/FichaNormativa.icm?ID=5253,,,,,,,,,1
MA-P02,"Digital DHF Iberia - Alcala de Henares, Alcalá de Henares",,"Digital DHF Iberia, SLU",Madrid,Alcalá de Henares,En tramitacion,2023,2025-03-11,3,3,OFICIAL,,,200.0,,,de 3,7.84,3726.0,,,,,MA-03; MA-04; MA-31,https://www.comunidad.madrid/transparencia/sites/default/files/regulation/documents/23-041_resumen_ejecutivo.pdf,,https://www.comunidad.madrid/transparencia/2023p371-proyecto-instalacion-1-subestacion-electrica-denominada-cisneros-nabiax-alcala-henares,,,,Agrupacion de confianza media: misma sociedad (denominacion); 2 municipios. Transformacion leida del expediente: 2 x 100 MVA,,,,3
AR-P10-3,Expediente ARB-41,,,Zaragoza,Zaragoza,,2025-12-17,2025-12-17,1,1,OFICIAL,,,,,,,,,,,,,ARB-41,,,,,https://www.boa.aragon.es/cgi-bin/EBOA/BRSCGI?CMD=VEROBJ&MLKOB=1426982660202,,Agrupacion de confianza baja: promotor no identificado: no se ha podido agrupar,,,,1
CT-P04,Expediente CTB-07,,,Barcelona,Sant Boi de Llobregat,,2023-12-19,2023-12-19,1,1,OFICIAL,,,,,,,,,,,,,CTB-07,,,,,https://bop.diba.cat/anunci/3563456,,Agrupacion de confianza baja: promotor no identificado: no se ha podido agrupar,,,,1
CT-P01,Expediente CTF-01,,,Barcelona,Barcelona,,,,1,1,OFICIAL,,,,,,,,,,,,,CTF-01,,https://dogc.gencat.cat/es/document-del-dogc/?documentId=1009474,,,,,Agrupacion de confianza baja: promotor no identificado: no se ha podido agrupar,,,,1
IB-P01,Expediente IBF-01,,,Illes Balears,Palma,,2020-07-16,2020-07-16,1,1,OFICIAL,,,,,,,,,,,,,IBF-01,,https://www.caib.es/eboibfront/pdf/es/2020/126/6242,,,,,Agrupacion de confianza baja: promotor no identificado: no se ha podido agrupar,,,,1
IB-P02,Expediente IBF-02,,,Illes Balears,Palma,,2021-11-16,2021-11-16,1,1,OFICIAL,,,,,,,,0.3,,,,,IBF-02,,https://www.caib.es/eboibfront/pdf/es/2021/158/11667,,,,,Agrupacion de confianza baja: promotor no identificado: no se ha podido agrupar,,,,1
IB-P03,Expediente IBF-03,,,Illes Balears,Palma,,2026-05-05,2026-05-05,1,1,OFICIAL,,,,,,,,0.5,,,,,IBF-03,,https://www.caib.es/eboibfront/pdf/es/2026/57/4336,,,,,Agrupacion de confianza baja: promotor no identificado: no se ha podido agrupar,,,,1
MA-P01,FVI ASG Spanish Propco 3 - Meco,,"FVI ASG Spanish Propco 3, SL",Madrid,Meco,Plazo finalizado,2025-05-16,2025-06-17,2,2,OFICIAL,,,100.0,,,,,,8.745586679999999,,,8745586.68,MA-01; MA-02,,,https://bocm.es/boletin/CM_Orden_BOCM/2025/06/16/BOCM-20250616-52.PDF,,,,Transformacion leida del expediente: 2 x 50 MVA,,,,2
CT-P03,GEP BESOS LOGISTICS SPAIN - Barcelona,,"GEP BESOS LOGISTICS SPAIN, SL",Barcelona,Barcelona,,2026-07-16,2026-07-16,1,1,OFICIAL,,,,,,,,,,,,,CTB-06,,,,,https://bop.diba.cat/anunci/3968485,,Agrupacion de confianza baja: misma sociedad (denominacion),,,,1
CT-P02-2,GTR BARCELONA 1 - Cerdanyola del Vallès,,"GTR BARCELONA 1, SLU",Barcelona,Cerdanyola del Vallès,,2025-10-01,2025-10-01,1,1,OFICIAL,,,,,,,,,,,,,CTB-05,,,,,https://bop.diba.cat/anunci/3820889,,Agrupacion de confianza baja: misma sociedad (denominacion),,,,1
GA-P01,Galicia Green Data Center - Curtis,,"Galicia Green Data Center, SL",A Coruña,Curtis,,2025-01-23,2026-02-16,2,2,OFICIAL,,,,,,,,,,,,,GAF-01; GAF-03,https://www.xunta.gal/dog/Publicados/2025/20250123/AnuncioG0763-200125-0002_es.pdf,,,,,,Agrupacion de confianza baja: misma sociedad (NIF B70639513),,,,2
CB-P06,Google - Santander (PCTCAN),,Google,Cantabria,Santander (PCTCAN),Compraventa formalizada segun la nota de SODERCAN de 07-05-2026; licencia o expediente de la instalacion no localizados en el BOC,2026-05-07,2026-05-07,1,0,OFICIAL-NP,,,,,,imputa nada,0.5908,5907.72,,,,,CB-06,,,,,,https://www.sodercan.es/google-construira-en-el-pctcan-un-centro-de-transmision-de-datos-vinculado-al-cable-submarino-sol/,,,,,1
MA-P06,"I-DE Redes Electricas Inteligentes - Alcobendas, Algete, Getafe",,I-DE Redes Electricas Inteligentes,Madrid,Alcobendas; Algete; Getafe; Madrid; San Agustin del Guadalix; San Sebastian de los Reyes,Autorizada,2025-06-27,2025-12-24,4,4,OFICIAL,,,,,,,,,,,,,MA-09; MA-10; MA-15; MA-19,,,https://www.comunidad.madrid/transparencia/2024p1475-proyecto-instalacion-subestacion-maniobra-y-reparto-smr-socimi-hiland-getafe-i-redes,,,,Agrupacion de confianza baja: misma sociedad (denominacion); 6 municipios,,,,4
MA-P01-2,"I-DE Redes Electricas Inteligentes - Alcobendas, San Sebastián de los Reyes",,I-DE Redes Electricas Inteligentes,Madrid,Alcobendas; San Sebastián de los Reyes,,2025-04-25,2025-04-25,1,1,OFICIAL,,,,,,,,,,,,,MDF-02,,https://www.bocm.es/boletin/CM_Orden_BOCM/2025/04/25/BOCM-20250425-28.PDF,,,,,Agrupacion de confianza baja: misma sociedad (denominacion); 2 municipios; misma sociedad que un bloque ya revisado,,,,1
CM-P12,Iberdrola - Toledo,,Iberdrola,Toledo,Toledo,"Anunciado; sin expediente del centro de datos localizado en DOCM, Nevia ni BOE",2026-08-19,2026-08-19,1,0,PRENSA,,,,,,asignan MW,,,,,,,CLM-24,,https://www.elespanol.com/eldigitalcastillalamancha/economia/empresas/20260819/veto-gobierno-macroplanta-aceca-no-frena-iberdrola-proyecta-gran-centro-datos-toledo/1003744357801_0.html,,,,,,,,,1
MA-P14,"Ignis Data Alfa - No consta, Villalbilla",,"Ignis Data Alfa, SL",Madrid,No consta; Villalbilla,En tramitacion,2026-02-10,2026-06-11,2,2,OFICIAL,,,400.0,,,,,,17.43534387,,,17435343.87,MA-27; MA-35,https://www.comunidad.madrid/urbanismo/aceleradora-urbanistica,,https://www.bocm.es/boletin/CM_Orden_BOCM/2026/02/10/BOCM-20260210-36.PDF,,,,Agrupacion de confianza media: misma sociedad (denominacion); 2 municipios. Transformacion leida del expediente: 4 x 100 MVA,,,,2
MA-P13,"Ignis Data Beta - Alcobendas, San Sebastian de los Reyes",,"Ignis Data Beta, SL",Madrid,Alcobendas; San Sebastian de los Reyes,En plazo de alegaciones,2026-03-06,2026-03-06,1,1,OFICIAL,250.0,,,,Electrica: 250 MW de demanda asignada; 53 MW de suministro confirmado desde ST Arroyo de la Vega 220 kV,,21.25,15798.0,,,,,MA-26,https://www.comunidad.madrid/transparencia/sia-26036-plan-especial-infraestructuras-pei-data-beta-i-san-sebastian-reyes-y-alcobendas,,,,,,Agrupacion de confianza media: misma sociedad (NIF B13685219); 2 municipios,Data Beta I,MA-26,,1
MA-P12,"Ignis Data Tria - Loeches, San Fernando de Henares, Torres de la Alameda",,"Ignis Data Tria, SLU",Madrid,Loeches; San Fernando de Henares; Torres de la Alameda,En plazo de alegaciones,2026-02-16,2026-04,2,2,OFICIAL,484.0,,,,Electrica: demanda autorizada 484 MW (112 MW por cada uno de los dos CPD),,167.6,38216.0,,,,,MA-24; MA-25,https://www.comunidad.madrid/transparencia/sia-26081-plan-especial-infraestructuras-henares-digital-campus-fase-2-infraestructura-centro,,,,,,Agrupacion de confianza media: misma sociedad (NIF B06963367); 3 municipios,Henares Digital Campus,MA-24,,2
AR-P11-2,Instituto Aragonés de Fomento - Zaragoza,,Instituto Aragonés de Fomento,Zaragoza,Zaragoza,,2025-08-20,2025-08-20,1,1,OFICIAL,,,,,,,82.0,,,,,,ARF-44,,https://www.boa.aragon.es/cgi-bin/EBOA/BRSCGI?CMD=VEROBJ&MLKOB=1408344820404,,,,,Agrupacion de confianza baja: misma sociedad (denominacion),Distrito Aragonés Tecnológico-Alierta (DAT Alierta),ARF-44,,1
MA-P07,Interxion Espana - Madrid (c/ Alfonso Gomez 4),,"Interxion Espana, SL",Madrid,Madrid (c/ Alfonso Gomez 4),Informacion publica,2026-01-12,2026-01-12,1,1,OFICIAL,,,20.0,,,,,,0.45262,,,452620.0,MA-13,,,https://www.bocm.es/boletin/CM_Orden_BOCM/2026/01/12/BOCM-20260112-49.PDF,,,,Transformacion leida del expediente: 20 MVA,,,,1
MA-P03-4,Iron Mountain Data Centers - Ajalvir,,Iron Mountain Data Centers,Madrid,Ajalvir,,2024-11-22,2024-11-22,1,1,OFICIAL,,,,,,,,,,,,,MDB-17,,,,,,https://www.bocm.es/boletin/CM_Orden_BOCM/2024/11/22/BOCM-20241122-37.PDF,Agrupacion de confianza baja: misma sociedad (denominacion),,,,1
MA-P18,Iron Mountain Data Centers España - San Fernando de Henares,,"Iron Mountain Data Centers España, SLU",Madrid,San Fernando de Henares,,2025-11-12,2026-01-30,2,2,OFICIAL,,,252.0,,,,,,9.80206433,,,9802064.33,MA-32; MA-34,,,https://www.bocm.es/boletin/CM_Orden_BOCM/2025/11/12/BOCM-20251112-65.PDF,,,,Transformacion leida del expediente: 4 x 63 MVA,,,,2
AR-P09-3,Junta Gestora Area 90/1 (extension de PLAZA) - Zaragoza,,,Zaragoza,Zaragoza,,2026-03-20,2026-03-20,1,1,OFICIAL,,,,,,,89.0,,,,,,ARF-74,https://www.boa.aragon.es/cgi-bin/EBOA/BRSCGI?CMD=VEROBJ&MLKOB=1440637170404,,,,,,Agrupacion de confianza baja: promotor no identificado: no se ha podido agrupar,,,,1
CT-P01-4,MEDITERRA DATACENTERS IBERIA - Montmeló,,"MEDITERRA DATACENTERS IBERIA, SLU",Barcelona,Montmeló,,2026-09-29,2026-09-29,1,1,OFICIAL,,,,,,,,,,,,,CTB-10,,,,,https://bop.diba.cat/anunci/3994521,,Agrupacion de confianza baja: misma sociedad (NIF B21689039),,,,1
EX-P04,Merlin Edged - Navalmoral de la Mata,,"Merlin Edged, SL",Cáceres,Navalmoral de la Mata,,2026-05-18,2026-05-22,2,2,OFICIAL,,192.0,,,"Informatica: 192 MW IT declarados (el documento da tambien 96, 12), segun EXTREMAMBIENTE_AAI25-032_Resumen-no-tecnico_Merlin-Edged_Navalmoral.pdf",,,206753.0,,,,,EXF-04; EXF-03,,https://doe.juntaex.es/pdfs/doe/2026/970o/970o.pdf,,,https://doe.juntaex.es/pdfs/doe/2026/930o/930o.pdf,,Agrupacion de confianza media: misma sociedad (denominacion),CPD Navalmoral,EXF-04,,2
MA-P05,"Merlin Properties - Getafe, Madrid",,"Merlin Properties, SOCIMI",Madrid,Getafe; Madrid,En tramitacion,2025-06-04,2026-03-05,3,3,OFICIAL,,,40.0,,,,,,0.70107669,,,701076.69,MA-08; MA-11; MA-12,,,https://bocm.es/boletin/CM_Orden_BOCM/2025/06/04/BOCM-20250604-46.PDF,,,https://bocm.es/boletin/CM_Orden_BOCM/2026/03/23/BOCM-20260323-50.PDF,Agrupacion de confianza media: misma sociedad (denominacion); 2 municipios. Transformacion leida del expediente: 40 MVA,,,,3
PV-P01,"Merlín Logística - Ribabellosa, Zierbena",,"Merlín Logística, SLU",Bizkaia,Ribabellosa; Zierbena,,2023-05-09,2026-06-24,8,8,OFICIAL,,,,,,,,23566.0,,,,,PV-01; PVF-02; PVF-03; PVF-06; PV-03; PVF-01; PVF-04; PVF-08,,https://www.euskadi.eus/y22-bopv/es/bopv2/datos/2023/12/2305689a.pdf,,,,,Agrupacion de confianza media: misma sociedad (NIF B87046314); 2 municipios,,,,8
PV-P04,Moana Data - Zamudio,,"Moana Data, SL",Bizkaia,Zamudio,,2025-11-14,2026-05-22,3,3,OFICIAL,,,,,,,,21423.72,,,,,PV-02; PVF-07; PVF-05,,https://www.euskadi.eus/y22-bopv/es/bopv2/datos/2026/05/2602178a.pdf,,,,,Agrupacion de confianza media: misma sociedad (NIF B70639505),,,,3
AR-P15,"Molinos del Ebro - Pedrola, Plasencia de Jalón, Rueda de Jalón",,"Molinos del Ebro, SA",Zaragoza,Pedrola; Plasencia de Jalón; Rueda de Jalón,,2026-02-25,2026-02-25,3,3,OFICIAL,,,,,,,,,,,,,ARF-70; ARF-71; ARF-72,,https://www.boa.aragon.es/cgi-bin/EBOA/BRSCGI?CMD=VEROBJ&MLKOB=1437370210707,,,,,Agrupacion de confianza baja: misma sociedad (denominacion); 3 municipios,,,,3
AR-P05-3,Máquina Solar - Villamayor de Gállego,,"Máquina Solar, SL",Zaragoza,Villamayor de Gállego,,2025-04-03,2026-03-20,2,2,OFICIAL,,,,,,,79.6,,,,,,ARF-34; ARF-75,https://www.boa.aragon.es/cgi-bin/EBOA/BRSCGI?CMD=VEROBJ&MLKOB=1440653330505,https://www.boa.aragon.es/cgi-bin/EBOA/BRSCGI?CMD=VEROBJ&MLKOB=1386839262121,,,,,Agrupacion de confianza baja: misma sociedad (denominacion),Tillion Aragón,ARF-34,"Posible mismo campus que AR-P08 (Tillion Aragón, Villamayor de Gállego): pendiente de revisar si se funden",2
NC-P01,NASERTIC - Pamplona,,NASERTIC,Navarra,Pamplona,,2023-12-28,2023-12-28,1,1,OFICIAL,,,,,,,,,,,,,NC-01,,,,,,,Agrupacion de confianza baja: misma sociedad (denominacion),,,,1
MA-P02-3,NTT Global Data Centers Mad1 - Las Rozas de Madrid,,"NTT Global Data Centers Mad1, SL",Madrid,Las Rozas de Madrid,,2023-02-27,2023-02-27,1,1,OFICIAL,,,,,,,,,,,,,MDB-03,,https://www.bocm.es/boletin/CM_Orden_BOCM/2023/02/27/BOCM-20230227-29.PDF,,,,,Agrupacion de confianza baja: misma sociedad (denominacion),,,,1
VC-P01,Nethits Telecom Group - València (Docks),,Nethits Telecom Group,València/Valencia,València,,2022-08-19,2022-08-19,1,1,OFICIAL,,,,,,,,,,,,,VCV-01,,,,,https://bop.dival.es/bop/downloads?anuncioNumReg=2022/09961&lang=es,,Agrupacion de confianza media: misma sociedad (denominacion),,,,1
CT-P06,PARC LOGISTIC DE LA ZONA FRANCA - Barcelona,,"PARC LOGISTIC DE LA ZONA FRANCA, SAU",Barcelona,Barcelona,,2021-11-29,2021-11-29,2,2,OFICIAL,,,,,,,,,,,,,CTB-09; CTF-02,,https://dogc.gencat.cat/es/document-del-dogc/?documentId=1044575,,,https://bop.diba.cat/anunci/3153556,,Agrupacion de confianza media: misma sociedad (denominacion),,,,2
AR-P11-3,PE LAS CERRADAS - Cuevas de Almudén,,"PE LAS CERRADAS, SL",Teruel,Cuevas de Almudén,,2023-07-31,2023-07-31,1,1,OFICIAL,,,,,,,,,,,,,ARB-43,https://www.boa.aragon.es/cgi-bin/EBOA/BRSCGI?CMD=VEROBJ&MLKOB=1288744721818,,,,,,Agrupacion de confianza baja: misma sociedad (denominacion),,,,1
CB-P03,"PSIR del Parque Empresarial VIPAR, AIEP Pielagos-Villaescusa (poligono en el que, segun la nota oficial de 25-02-2025, se situa la fase 1 del campus Altamira)",,,Cantabria,Pielagos; Villaescusa,En tramitacion; no se ha localizado en el BOC aprobacion inicial ni definitiva a 02-09-2026; tampoco figura en la lista de PSIR de territoriodecantabria.es,2023-03-30,2023-03-30,1,1,OFICIAL,,,,,,,,,,,,,CB-03,https://boc.cantabria.es/boces/verAnuncioAction.do?idAnuBlob=385088,,,,,,Agrupacion de confianza baja: promotor no identificado: no se ha podido agrupar,,,,1
MA-P17,"Plan Especial de Mejora Urbana Las Hilanderas, P.I. de Los Angeles",,,Madrid,Getafe,Plazo finalizado,2025-02-26,2025-02-26,1,1,OFICIAL,,,,,,,,,,,,,MA-30,https://www.comunidad.madrid/transparencia/sia-25020-plan-especial-mejora-urbana-hilanderas-poligono-industrial-angeles-getafe,,,,,,Agrupacion de confianza baja: promotor no identificado: no se ha podido agrupar,,,,1
CO-P01,Preval Renewable 2 - Monforte del Cid,,,Alacant/Alicante,Monforte del Cid,,2026-06-26,2026-06-26,1,1,OFICIAL,,,,,,,,,,,,,VCF-01,,https://dogv.gva.es/es/disposicio?id=2026_21901,,,,,Agrupacion de confianza baja: promotor no identificado: no se ha podido agrupar,,,,1
RE-P01,Promoción y Desarrollo de Data Centers - Caravaca de la Cruz,,"Promoción y Desarrollo de Data Centers, SL",Murcia,Caravaca de la Cruz,,2026-06-24,2026-06-24,1,1,OFICIAL,,,,,,,,,1.5254198300000001,,,1525419.83,MCF-01,,https://www.borm.es/services/anuncio/ano/2026/numero/3020/pdf,,,,,Agrupacion de confianza baja: misma sociedad (denominacion),,,,1
CT-P05,Quetta Molins - Molins de Rei,,,Barcelona,Molins de Rei,,2026-03-13,2026-03-13,1,1,OFICIAL,,,,,,,,,,,,,CTB-08,,,,,https://bop.diba.cat/anunci/3909206,,Agrupacion de confianza baja: promotor no identificado: no se ha podido agrupar,,,,1
MA-P02-5,"Quetta Tres Cantos - Colmenar Viejo, Tres Cantos",,"Quetta Tres Cantos, SL",Madrid,Colmenar Viejo; Tres Cantos,,2026-04-29,2026-04-29,1,1,OFICIAL,,,,,,,,,,,,,MDB-19,,,,,,https://www.bocm.es/boletin/CM_Orden_BOCM/2026/04/29/BOCM-20260429-52.PDF,Agrupacion de confianza baja: misma sociedad (denominacion); 2 municipios,,,,1
MA-P04,"Red Electrica de Espana - Alcala de Henares, Anchuelo, Los Santos de la Humosa",,"Red Electrica de Espana, SAU",Madrid,Alcala de Henares; Anchuelo; Los Santos de la Humosa; Meco,Autorizada,2026-05-07,2026-05-07,2,2,OFICIAL,,,,,,,,,7.862946030000001,,,7862946.03,MA-06; MA-07,,,https://www.bocm.es/boletin/CM_Orden_BOCM/2026/01/19/BOCM-20260119-29.PDF,,,,Agrupacion de confianza baja: misma sociedad (denominacion); 4 municipios,,,,2
CM-P02,Red Electrica de Espana - Calera y Chozas,,"Red Electrica de Espana, SAU",Toledo,Calera y Chozas,Autorizada,2026-04-27,2026-04-27,1,1,OFICIAL,,,,,,Calera y Chozas 220 kV,,,0.367085,,,367085.0,CLM-12,,,https://www.boe.es/diario_boe/txt.php?id=BOE-A-2026-9171,,,,,,,,1
MA-P05-2,"Region Microsoft Madrid - Algete, Meco, San Sebastian de los Reyes",,Microsoft 7724 Spain,Madrid,Algete; Meco; San Sebastián de los Reyes,,2021-08-10,2025-07-18,9,9,OFICIAL,,,120.0,,,,,,14.849206630000001,,,14849206.63,MDB-08; MDB-09; MDB-10; MDB-06; MDB-12; MDB-13; MDB-02; MDB-11; MDB-07,,https://www.bocm.es/boletin/CM_Orden_BOCM/2023/03/16/BOCM-20230316-50.PDF,https://www.bocm.es/boletin/CM_Orden_BOCM/2024/06/26/BOCM-20240626-46.PDF,,,,Agrupacion de confianza media: misma sociedad (denominacion); 2 municipios; misma sociedad que un bloque ya revisado. Transformacion leida del expediente: 2 x 60 MVA,,,,9
AN-P01,Saltburn Holding - Málaga,,"Saltburn Holding, SL",Málaga,Málaga,,2026-06-02,2026-06-02,1,1,OFICIAL,,100.0,,,"Informatica: 100 MW IT declarados, segun el anuncio BOJA-2026-104-37_saltburn_PTA_Malaga.pdf",,,47629.4,,,,,ANF-01,https://www.juntadeandalucia.es/boja/2026/104/37,,,,,,Agrupacion de confianza baja: misma sociedad (denominacion),,,,1
CB-P05,Santander Global Services - Medio Cudeyo (Solares),,"Santander Global Services, SL",Cantabria,Medio Cudeyo (Solares),"Autorizada por Resolucion de 07-08-2023 (BOC num. 159 de 18-08-2023, CVE-2023-7260); plazo de ejecucion de 24 meses; autorizacion de explotacion no localizada",2023-05-12,2023-05-12,1,1,OFICIAL,,,4.0,,"potencia_mw se deja vacio deliberadamente: los 3 MWn / 3,207 MWp son potencia de GENERACION fotovoltaica para autoconsumo, no demanda del centro de datos, y no deben sumarse a la columna de potencia",,,,2.94953778,,,2949537.78,CB-05,,,https://boc.cantabria.es/boces/verAnuncioAction.do?idAnuBlob=388802,,,,Transformacion leida del expediente: 4 x 1 MVA,Centro Tecnológico de Cantabria (CTC),CB-05,,1
CA-P01,Skygrid Data Systems - Aguilar de Campoo,,"Skygrid Data Systems, SL",Palencia,Aguilar de Campoo,,2026-06-04,2026-06-04,1,1,OFICIAL,,,,,,,,,,,,,CLF-01,https://bocyl.jcyl.es/boletines/2026/06/04/pdf/BOCYL-D-04062026-106-44.pdf,,,,,,Agrupacion de confianza baja: misma sociedad (denominacion),,,,1
AR-P07-2,Suelo y Vivienda de Aragón - Villanueva de Gállego,,"Suelo y Vivienda de Aragón, SLU",Zaragoza,Villanueva de Gállego,,2021-04-08,2024-05-17,2,2,OFICIAL,,,,,,,,648623.59,,,,,ARF-19; ARF-12,https://www.boa.aragon.es/cgi-bin/EBOA/BRSCGI?CMD=VEROBJ&MLKOB=1332593181010,,,,,,Agrupacion de confianza media: misma sociedad (denominacion),,,,2
AR-P20,Telefonica - interconexion de centros de datos en Aragon,,,,La Puebla de Híjar; Mediana de Aragón; Osera de Ebro,,2026-06-04,2026-09-21,3,3,OFICIAL,,,,,,,,,,,,,ARB-16; ARB-24; ARB-25,https://www.boa.aragon.es/cgi-bin/EBOA/BRSCGI?CMD=VEROBJ&MLKOB=1451150491515,,,,https://www.boa.aragon.es/cgi-bin/EBOA/BRSCGI?CMD=VEROBJ&MLKOB=1466792330606,,Agrupacion de confianza media: mismo objeto en los tres anuncios municipales,,,,3
CB-P04,Telxius Cable Espana - Santander,,"Telxius Cable Espana, SL",Cantabria,Santander,Informacion publica (anuncio del Ayuntamiento de Santander de 16-01-2023); resolucion de la licencia no localizada en el BOC,2023-02-01,2023-02-01,2,2,OFICIAL,,,,,,,,,,,,,CB-04; CBF-01,,,,,https://boc.cantabria.es/boces/verAnuncioAction.do?idAnuBlob=384810,,,,,,2
AR-P03-6,refuerzo de la red de distribución,,,Zaragoza,Villanueva de Gállego,,2026-03-10,2026-03-10,1,1,OFICIAL,,,,,,,,,,,,,ARB-06,,,https://www.boa.aragon.es/cgi-bin/EBOA/BRSCGI?CMD=VEROBJ&MLKOB=1439158410707,,,,Agrupacion de confianza baja: promotor no identificado: no se ha podido agrupar,,,,1
