id,id_proyecto,etapa,fecha,fecha_constancia,mw_acceso,gestor,nudo,fuente,evidencia
ANF-01,AN-P01,pendiente,,2026-06-02,,,,documento,"técnico, fundamentado en los informes preceptivos, mencionados en los antecedentes cuarto, quinto y sexto, en los cuales las distintas Consejerías concluyen lo siguiente: - La Consejería de Industria, Energía y Minas «concluye, de acuerdo con la documentación aportada, informe favorable condicionado en materia de energía a que en el plazo máximo de 5 años la entidad promotora obtenga el referido p"
AR-18,AR-P09,concedido,2024-09-05,2026-07-22,,transporte,Peñaflor,documento,"Instalación: Parque de intemperie - Configuración: Doble barra - Intensidad de cortocircuito de corta duración: 50/40 kA - Transformadores de potencia: 2 (300 MVA cada uno) - Términos municipales afectados: Villamayor de Gállego, provincia de Zaragoza - Presupuesto de ejecución material: 18.612.501,46 euros Con fecha 5 de septiembre de 2024, Red Eléctrica de España, SAU, otorga actualización del p"
ARB-17,AR-P09,concedido,2024-09-05,2026-07-29,,transporte,Peñaflor,documento,"Con fecha 5 de septiembre de 2024, Red Eléctrica de España, S.A.U., otorga actualización del permiso de acceso y conexión de la instalación de consumo ACS DC La Puebla a la red de transporte en la subestación eléctrica de su propiedad Peñaflor 400kV."
ARF-25,AR-P04,concedido,,2024-10-16,,,,documento,"Asimismo, conviene destacar que el promotor de la iniciativa ya se ha asegurado el derecho de acceso y conexión a la potencia eléctrica necesaria para el desarrollo del Proyecto de Interés General “RHODES”, por lo que su viabilidad sólo está sujeta a la aprobación de los PIGA correspondientes (incluidas unas conexiones externas viables desde el punto de vista técnico y económico -agua, electricida"
ARF-34,AR-P05-3,concedido,,2025-04-03,,,,documento,Consta en el resumen presentado por el promotor que ha obtenido permisos de acceso y conexión firmes que permiten asegurar la viabilidad inicial del proyecto.
ARF-42,AR-P09,concedido,2024-09-05,2025-07-23,150.0,transporte,Peñaflor,documento,"El proyecto abarca 2 fases de posible desarrollo: - Fase I: con el desarrollo de 150 MW, que ya cuentan con permiso de acceso y conexión otorgado por Red Eléctrica de España en la SET ""Peñaflor 400 kV"", el 5 de septiembre de 2024."
ARF-63,AR-P07,concedido,,2025-12-30,,transporte,,documento,• Anexo 19-21. Permisos de Acceso y Conexión a la Red de Transporte.
ARF-64,AR-P07,concedido,,2025-12-30,,transporte,,documento,• Anexo 19-21. Permisos de Acceso y Conexión a la Red de Transporte.
ARF-81,AR-P08,concedido,,2026-07-07,150.0,,,documento,"La documentación indica que disponen de permiso de acceso y conexión con una capacidad de acceso de 150 MW asegurados, y una solicitud de ampliación de capacidad hasta completar la demanda total prevista. g) El Proyecto de infraestructuras privadas del centro de datos “Tillion Aragón” define las obras necesarias para la ejecución de los viales interiores, así como de todas las redes e infraestruct"
BOE-01,AR-P09,concedido,2024-09-05,2026-07-22,,transporte,Peñaflor,documento,"Instalación: Parque de intemperie - Configuración: Doble barra - Intensidad de cortocircuito de corta duración: 50/40 kA - Transformadores de potencia: 2 (300 MVA cada uno) - Términos municipales afectados: Villamayor de Gállego, provincia de Zaragoza - Presupuesto de ejecución material: 18.612.501,46 euros Con fecha 5 de septiembre de 2024, Red Eléctrica de España, SAU, otorga actualización del p"
MCF-01,RE-P01,solicitado,,2026-06-24,,distribucion,,documento,"Para ello, el promotor solicitó a la compañía distribuidora la correspondiente solicitud de acceso y conexión recibiéndose el condicionado técnico bajo número de expediente 9043612874 en el cual se dio punto de conexión en la Subestación “Lentisco”, propiedad de -DE REDES ELÉCTRICAS INTELIGENTES, S.A.U., haciéndose necesario la instalación de una Línea Subterránea de Media Tensión 20 kV uniendo el"
MCF-01,RE-P01,concedido,,2026-06-24,,distribucion,,documento,"Tal y como hemos comentado anteriormente, las instalaciones objeto de proyecto consiste en la ejecución de una Línea Subterránea de Media Tensión 20 kV para dotar de suministro eléctrico a un centro de datos, uniendo la distribuidora ha otorgado el acceso y conexión con el Centro de Protección y Medida del Centro de Datos."
