concepto,valor,naturaleza,fuente,url,comprobado,nota
Centros de datos identificados en España en el ámbito del régimen,165,recuento_oficial,"Comisión Europea, «Assessment of the energy performance and sustainability of data centres in the EU», julio de 2025",https://op.europa.eu/o/opportal-service/download-handler?identifier=83be4c3e-5c79-11f0-a9d0-01aa75ed71a1&format=PDF&language=en,2026-09-04,"Es el recuento europeo de instalaciones de 500 kW de potencia informática o más, e **incluye las corporativas**, que es justo lo que el censo de SpainDC (97 instalaciones de mercado) deja fuera. La comparación entre 165 y 97 mide ese hueco; no es una contradicción."
"De ellos, los que notificaron en el periodo 2024",42 (25 %),recuento_oficial,"Comisión Europea, «Assessment of the energy performance and sustainability of data centres in the EU», julio de 2025",https://op.europa.eu/o/opportal-service/download-handler?identifier=83be4c3e-5c79-11f0-a9d0-01aa75ed71a1&format=PDF&language=en,2026-09-04,39 de los 42 llegaron a declarar indicadores (93 %). El cumplimiento del 25 % es el límite de este censo: es el mejor marco poblacional disponible y aun así solo ve a uno de cada cuatro.
"Potencia informática instalada notificada, conjunto de la UE","6,4 GW",recuento_oficial,"Comisión Europea, «Assessment of the energy performance and sustainability of data centres in the EU», julio de 2025",https://op.europa.eu/o/opportal-service/download-handler?identifier=83be4c3e-5c79-11f0-a9d0-01aa75ed71a1&format=PDF&language=en,2026-09-04,"Periodos de referencia 2023 y 2024, 770 centros notificantes."
"Agua de entrada notificada, España (WIN)",214.501 m³,recuento_oficial,"Comisión Europea, «Assessment of the energy performance and sustainability of data centres in the EU», julio de 2025, tabla 24",https://op.europa.eu/o/opportal-service/download-handler?identifier=83be4c3e-5c79-11f0-a9d0-01aa75ed71a1&format=PDF&language=en,2026-09-07,
"Consumo eléctrico notificado, España (EDC)","603,63 GWh",recuento_oficial,"Comisión Europea, «Assessment of the energy performance and sustainability of data centres in the EU», julio de 2025, tabla 24",https://op.europa.eu/o/opportal-service/download-handler?identifier=83be4c3e-5c79-11f0-a9d0-01aa75ed71a1&format=PDF&language=en,2026-09-07,"Mismas 42 instalaciones. Con 101,03 MW informáticos declarados implica unas 6.000 horas equivalentes a plena carga, que es coherente con un parque mayoritariamente empresarial y de colocación."
"Potencia informática instalada notificada, España (PDIT)","101,03 MW",recuento_oficial,"Comisión Europea, «Assessment of the energy performance and sustainability of data centres in the EU», julio de 2025, tabla 24",https://op.europa.eu/o/opportal-service/download-handler?identifier=83be4c3e-5c79-11f0-a9d0-01aa75ed71a1&format=PDF&language=en,2026-09-07,"Suma de las 42 instalaciones españolas que notificaron. **No es el parque español**: SpainDC estima 439 MW informáticos instalados a finales de 2025, y la diferencia es el 75 % que no notificó más el año que separa las dos fechas. Sirve como suelo oficial, y como denominador de lo operativo frente a los 1.278 MW informáticos que el censo tiene en cartera."
PUE medio de los centros de datos españoles,"1,66 (ponderado por consumo, n=36)",recuento_oficial,"Comisión Europea, «Assessment of the energy performance and sustainability of data centres in the EU», julio de 2025, tabla 25",https://op.europa.eu/o/opportal-service/download-handler?identifier=83be4c3e-5c79-11f0-a9d0-01aa75ed71a1&format=PDF&language=en,2026-09-07,"**No es el PUE que usa la cadena de conversión, y no debe sustituirlo.** Este 1,66 es el del parque que ya opera —colocación 1,67, empresarial 1,66— y España es de los peores de la UE, cuya media es 1,36; el informe la señala junto a Austria, Francia, Grecia y Polonia como lejos del objetivo de 1,4 del Climate Neutral Data Centre Pact. La cadena convierte proyectos **nuevos**, de diseño hiperescalar, y se calibra con los dos expedientes propios (1,33 y 1,52). El dato de contraste que sí encaja es el tramo de 1 a 2 MW, **1,52**, que coincide con el valor de Guadalajara. Y el tramo de más de 10 MW en España está por debajo del umbral de tres instalaciones, o sea que en 2023-2024 apenas había parque hiperescalar operativo que medir."
Alojamiento del equipamiento TIC de la Generalitat en el CPD del Complex d'Egara,"1.072.038,36 € (IVA excluido)",recuento_oficial,"DOGC, Resolució PRE/3364/2023, de 26 de setembre (documento 969966)",https://dogc.gencat.cat/es/document-del-dogc/?documentId=969966,2026-09-07,"Convenio del CTTI con el Departament d'Interior, firmado el 2022-11-08, expediente CC20M03. El Complex d'Egara está en **Terrassa**; la lista de convenios donde aparece nombra decenas de municipios y por eso no es una fila. Es un coste de alojamiento, no de construcción: no es inversión."
Convenio Generalitat-Ajuntament de Barcelona para un CPD en el subsuelo,Sin importe publicado,recuento_oficial,"DOGC, Resolució PRE/701/2025, de 3 de març (documento 1008644)",https://dogc.gencat.cat/es/document-del-dogc/?documentId=1008644,2026-09-07,"«Conveni marc de col·laboració ... per definir les condicions per a la ubicació d'un centre de processament de dades en el subsòl d'una finca municipal», expediente CONV_109, firmado el 2024-05-21. Es un centro de datos de la Administración en Barcelona, del que no hay expediente localizado: sirve para dirigir la búsqueda."
"Digital Valley Comunitat Valenciana (Picassent, Valencia)",más de 2.200 M EUR y 200 MW sobre 77 ha,anuncio_promotor,"Data Center Dynamics y Data Center Market, 2026",https://www.datacenterdynamics.com/es/noticias/digital-valley-reabre-el-debate-sobre-sostenibilidad-de-los-data-centers-en-valencia/,2026-09-07,"Treinta y siete de las 77 hectáreas irían a centros de datos. La Comunitat Valenciana aporta hoy **un solo expediente** al censo, y no es este: el portal autonómico de evaluación ambiental sirve sus fichas detrás de JavaScript y no se ha podido recorrer."
"Ark Data Centres, La Maquinista (Barcelona)",más de 600 M EUR y 45 MW informáticos,anuncio_promotor,"Data Center Dynamics y El Economista, marzo de 2026",https://www.datacenterdynamics.com/es/noticias/ark-apuesta-por-barcelona-con-un-macrodata-center-urbano-de-m%C3%A1s-de-600-millones/,2026-09-07,"Suelo industrial de unos 30.000 metros cuadrados ya comprado. Cataluña aporta dos expedientes al censo y ninguno es este: el portal ambiental catalán está resuelto y consultado, y para este proyecto sale vacío, porque sigue en fase de suelo y de acceso a la red."
"Campus Data Navarra (Cendea de Cizur, Navarra), Grupo VDR",3.300 M EUR y 300 MW en cuatro edificios,anuncio_promotor,"Data Center Dynamics y Noticias de Navarra, junio de 2025",https://www.datacenterdynamics.com/en/news/300mw-data-center-campus-planned-outside-pamplona-spain/,2026-09-07,"Doscientos mil metros cuadrados en el polígono de Gazólaz, en fases de 50 + 100 + 100 + 100 MW previstas entre 2027 y 2029. **El censo no tiene ni una fila de este proyecto**: de Navarra solo entra el centro de proceso de datos de NASERTIC en Pamplona. Es el mayor anuncio español sin ningún expediente localizado."
"Nostrum Evergreen (Badajoz), Ingenostrum","1.913 M EUR y 300 MW eléctricos, escalables a 500",anuncio_promotor,"El Economista, diciembre de 2025",https://www.eleconomista.es/energia/noticias/13670203/12/25/nostrum-y-aecom-levantaran-en-badajoz-un-centro-de-datos-de-1900-millones-que-igualara-la-potencia-instalada-en-toda-espana.html,2026-09-07,"Este sí está en el censo, y con **469,8 M EUR**: es el presupuesto de ejecución material que escribe el anexo técnico de su expediente ambiental, para la fase de 110 MW informáticos. Las dos cifras son compatibles —una es la fase en trámite y la otra el proyecto entero a 2029— y la distancia entre ellas es el ejemplo más limpio de por qué un anuncio no es una medición."
Potencia de computacion prevista para 2030,"2,5 GW informáticos, equivalentes a 3,5-4 GW de demanda eléctrica",prevision_oficial,"Estrategia de Inteligencia Artificial 2024, citada en la MAIN",https://www.miteco.gob.es/es/energia/participacion/2026/detalle-participacion-publica-k-851.html,2026-09-04,"La MAIN observa que los permisos ya concedidos (unos 12 GW) superan esta previsión, que es el argumento del real decreto."
"Amazon Web Services, ampliación en Aragón",15.700 M EUR entre 2024 y 2033,anuncio_promotor,"Gobierno de Aragón, nota de prensa de 22 de mayo de 2024",https://www.aragonhoy.es/presidencia-de-gobierno/azcon-anuncia-inversion-15-700-millones-euros-amazon-web-services-ampliar-centros-datos-aragon-96110,2026-09-07,"En marzo de 2026 la compañía elevó la cifra a 33.700 M EUR para el conjunto de España, incluyendo fabricación de servidores y logística. **El censo le imputa 2.500 M EUR**, que es lo que dice la ficha del proyecto de interés general de Aragón: la cifra corporativa cubre más cosas y más territorio que el expediente, y repartirla entre municipios sería imputar."
Echelon Iberdrola Digital Infra (Madrid-Toledo y Palencia),"más de 2.000 M EUR; Madrid Sur, 144 MW con 230 MW de conexión",anuncio_promotor,"Iberdrola, nota de prensa de la sociedad conjunta, noviembre de 2025",https://www.iberdrola.com/sala-comunicacion/noticias/detalle/nace-echelon-iberdrola-digital-infra-invertir-mas-2000-millones-euros-centros-datos-espana,2026-09-07,"Echelon hasta el 80 % y el grupo Iberdrola el resto. El censo sí tiene el proyecto de Toledo, por su trámite ambiental, pero **sin ninguna cifra**: el expediente localizado no declara ni potencia ni presupuesto, así que el proyecto cuenta como fila y no como euros."
"Ídem, redes de distribución",en torno a otros 6 GW,declaracion_gobierno,"MITECO, MAIN del proyecto de real decreto",https://www.miteco.gob.es/es/energia/participacion/2026/detalle-participacion-publica-k-851.html,2026-09-04,
Registro nacional de centros de datos,El proyecto no crea ninguno,recuento_oficial,"MITECO, MAIN del proyecto de real decreto, apartado de cargas administrativas",https://www.miteco.gob.es/es/energia/participacion/2026/detalle-participacion-publica-k-851.html,2026-09-04,Literal: «Ninguna de estas cargas exige la obtención de una autorización previa ni la inscripción en un registro nuevo». Confirma que la premisa de la que parte este trabajo —que no hay censo administrativo— sigue vigente.
"Capacidad de acceso concedida a centros de datos, red de transporte",más de 6 GW,declaracion_gobierno,"MITECO, Memoria del Análisis de Impacto Normativo del proyecto de real decreto",https://www.miteco.gob.es/es/energia/participacion/2026/detalle-participacion-publica-k-851.html,2026-09-04,Mejora los «12 GW según fuentes gubernamentales citadas en prensa» que circulaban de segunda mano: esta cifra está en un documento del Ministerio sometido a audiencia pública. Sigue sin metodología publicada.
Publicación por instalación de los anexos I y II del Reglamento 2024/1364,Prevista en el portal web del MITECO (artículo 14.2),prevision_oficial,"Proyecto de real decreto, artículo 14, en audiencia hasta 2026-09-03",https://www.miteco.gob.es/es/energia/participacion/2026/detalle-participacion-publica-k-851.html,2026-09-04,"**Es el cambio con más recorrido de todo lo revisado.** Si se aprueba tal cual, España publicaría por instalación —no agregado— el nombre, el titular, la potencia informática, el consumo, el PUE y la huella hídrica de todo centro de 500 kW informáticos o más. Sería el censo oficial que la vía documental no puede construir. El procedimiento concreto queda para una resolución posterior (artículo 14.6), así que hoy no existe: hay que seguirlo, no planificar sobre él."
Mapas mensuales de capacidad de acceso de la demanda,"Publicados desde 2026-02-20, en PDF, CSV y XLSX",recuento_oficial,Red Eléctrica,https://www.ree.es/es/clientes/consumidor/acceso-conexion/conoce-la-capacidad-de-acceso,2026-09-04,"Da capacidad disponible y ocupada por nudo, pero **no identifica a los titulares de los permisos**, que es lo que haría falta para saber cuánta de esa capacidad es de un centro de datos."
Listado mensual de solicitudes de acceso de demanda admitidas,9 columnas; sin titular ni actividad,recuento_oficial,"Red Eléctrica, artículo 20 quater del RD 1183/2020",https://www.ree.es/es/clientes/consumidor/acceso-conexion/conoce-el-estado-de-las-solicitudes,2026-09-04,"Comprobado abriendo el XLSX de agosto de 2026: ID de solicitud, fecha de recepción, tipo de solicitud, nombre y tensión del nudo, posición, comunidad autónoma, capacidad solicitada en MW, fin del mes de publicación y concurso. **No identifica al solicitante, y el tipo solo distingue consumo, generación y almacenamiento**, así que por sí solo no permite aislar centros de datos. Además cada listado está en línea un mes: la serie histórica hay que irla guardando."
Confidencialidad del microdato por instalación,Confidencial; solo se publica agregado,recuento_oficial,"Reglamento Delegado (UE) 2024/1364, artículo 5.5",https://www.boe.es/buscar/doc.php?id=DOUE-L-2024-80715,2026-09-04,"Cierra la vía de pedir a la Comisión el listado por instalación: la confidencialidad es del propio reglamento. La puerta que queda abierta es nacional, por el artículo 14.2 del proyecto de real decreto español."
Inversión prevista por el sector hasta 2030,66.900 M EUR; de 439 MW informáticos en 2025 a 2.537 en 2030,censo_privado,"SpainDC y Pb7 Research, informe anual, marzo de 2026",https://economia3.com/2026/08/23/759824-centros-de-datos-en-espana-66-900-millones-de-inversion-hasta-2030/,2026-09-07,"El mismo informe da la proporción que aquí importa: de los 10,5 GW anunciados en España y Portugal, **1,2 GW están construidos o en obra** y el sector considera realizables unos 4,4. Es una confirmación independiente de que la cartera y lo ejecutado son dos magnitudes distintas, y de un orden parecido al que mide este censo."
