fuente,serie,ano,valor,unidad,descargado
Eurostat COMEXT,CN 8415: consumo aparente,2019,531.499144,M EUR,2026-09-04
Eurostat COMEXT,CN 8415: consumo aparente,2020,521.422109,M EUR,2026-09-04
Eurostat COMEXT,CN 8415: consumo aparente,2021,545.429149,M EUR,2026-09-04
Eurostat COMEXT,CN 8415: consumo aparente,2022,592.314688,M EUR,2026-09-04
Eurostat COMEXT,CN 8415: consumo aparente,2023,665.655064,M EUR,2026-09-04
Eurostat COMEXT,CN 8415: consumo aparente,2024,761.983573,M EUR,2026-09-04
Eurostat COMEXT,CN 8415: importacion,2019,1216.950621,M EUR,2026-09-04
Eurostat COMEXT,CN 8415: importacion,2020,1134.153044,M EUR,2026-09-04
Eurostat COMEXT,CN 8415: importacion,2021,1288.321531,M EUR,2026-09-04
Eurostat COMEXT,CN 8415: importacion,2022,1453.689915,M EUR,2026-09-04
Eurostat COMEXT,CN 8415: importacion,2023,1602.108181,M EUR,2026-09-04
Eurostat COMEXT,CN 8415: importacion,2024,1640.664713,M EUR,2026-09-04
Eurostat COMEXT,CN 8415: importacion toneladas,2019,134545.384,t,2026-09-04
Eurostat COMEXT,CN 8415: importacion toneladas,2020,129367.652,t,2026-09-04
Eurostat COMEXT,CN 8415: importacion toneladas,2021,150244.554,t,2026-09-04
Eurostat COMEXT,CN 8415: importacion toneladas,2022,139572.287,t,2026-09-04
Eurostat COMEXT,CN 8415: importacion toneladas,2023,160702.997,t,2026-09-04
Eurostat COMEXT,CN 8415: importacion toneladas,2024,175325.017,t,2026-09-04
Eurostat COMEXT,CN 8418: consumo aparente,2019,507.415947,M EUR,2026-09-04
Eurostat COMEXT,CN 8418: consumo aparente,2020,456.330509,M EUR,2026-09-04
Eurostat COMEXT,CN 8418: consumo aparente,2021,545.877689,M EUR,2026-09-04
Eurostat COMEXT,CN 8418: consumo aparente,2022,474.535964,M EUR,2026-09-04
Eurostat COMEXT,CN 8418: consumo aparente,2023,510.610557,M EUR,2026-09-04
Eurostat COMEXT,CN 8418: consumo aparente,2024,580.454754,M EUR,2026-09-04
Eurostat COMEXT,CN 8418: importacion,2019,957.087697,M EUR,2026-09-04
Eurostat COMEXT,CN 8418: importacion,2020,869.651188,M EUR,2026-09-04
Eurostat COMEXT,CN 8418: importacion,2021,1099.537779,M EUR,2026-09-04
Eurostat COMEXT,CN 8418: importacion,2022,1159.22916,M EUR,2026-09-04
Eurostat COMEXT,CN 8418: importacion,2023,1177.796223,M EUR,2026-09-04
Eurostat COMEXT,CN 8418: importacion,2024,1244.774504,M EUR,2026-09-04
Eurostat COMEXT,CN 8418: importacion toneladas,2019,192511.991,t,2026-09-04
Eurostat COMEXT,CN 8418: importacion toneladas,2020,173272.666,t,2026-09-04
Eurostat COMEXT,CN 8418: importacion toneladas,2021,192019.606,t,2026-09-04
Eurostat COMEXT,CN 8418: importacion toneladas,2022,174920.116,t,2026-09-04
Eurostat COMEXT,CN 8418: importacion toneladas,2023,179617.207,t,2026-09-04
Eurostat COMEXT,CN 8418: importacion toneladas,2024,201090.708,t,2026-09-04
Eurostat COMEXT,CN 8471: consumo aparente,2019,2752.74578,M EUR,2026-09-04
Eurostat COMEXT,CN 8471: consumo aparente,2020,3185.837964,M EUR,2026-09-04
Eurostat COMEXT,CN 8471: consumo aparente,2021,3678.313548,M EUR,2026-09-04
Eurostat COMEXT,CN 8471: consumo aparente,2022,4136.202978,M EUR,2026-09-04
Eurostat COMEXT,CN 8471: consumo aparente,2023,3537.957371,M EUR,2026-09-04
Eurostat COMEXT,CN 8471: consumo aparente,2024,3717.370208,M EUR,2026-09-04
Eurostat COMEXT,CN 8471: importacion,2019,3421.864497,M EUR,2026-09-04
Eurostat COMEXT,CN 8471: importacion,2020,3876.450522,M EUR,2026-09-04
Eurostat COMEXT,CN 8471: importacion,2021,4497.746595,M EUR,2026-09-04
Eurostat COMEXT,CN 8471: importacion,2022,4948.810079,M EUR,2026-09-04
Eurostat COMEXT,CN 8471: importacion,2023,4387.329916,M EUR,2026-09-04
Eurostat COMEXT,CN 8471: importacion,2024,4655.356219,M EUR,2026-09-04
Eurostat COMEXT,CN 8471: importacion toneladas,2019,25966.51,t,2026-09-04
Eurostat COMEXT,CN 8471: importacion toneladas,2020,47475.371,t,2026-09-04
Eurostat COMEXT,CN 8471: importacion toneladas,2021,39556.553,t,2026-09-04
Eurostat COMEXT,CN 8471: importacion toneladas,2022,31749.375,t,2026-09-04
Eurostat COMEXT,CN 8471: importacion toneladas,2023,30266.324,t,2026-09-04
Eurostat COMEXT,CN 8471: importacion toneladas,2024,41191.717,t,2026-09-04
Eurostat COMEXT,CN 8473: consumo aparente,2019,596.424999,M EUR,2026-09-04
Eurostat COMEXT,CN 8473: consumo aparente,2020,608.14307,M EUR,2026-09-04
Eurostat COMEXT,CN 8473: consumo aparente,2021,670.566128,M EUR,2026-09-04
Eurostat COMEXT,CN 8473: consumo aparente,2022,529.308991,M EUR,2026-09-04
Eurostat COMEXT,CN 8473: consumo aparente,2023,538.558045,M EUR,2026-09-04
Eurostat COMEXT,CN 8473: consumo aparente,2024,401.028979,M EUR,2026-09-04
Eurostat COMEXT,CN 8473: importacion,2019,854.619218,M EUR,2026-09-04
Eurostat COMEXT,CN 8473: importacion,2020,881.285614,M EUR,2026-09-04
Eurostat COMEXT,CN 8473: importacion,2021,940.093562,M EUR,2026-09-04
Eurostat COMEXT,CN 8473: importacion,2022,787.047223,M EUR,2026-09-04
Eurostat COMEXT,CN 8473: importacion,2023,788.805456,M EUR,2026-09-04
Eurostat COMEXT,CN 8473: importacion,2024,651.509972,M EUR,2026-09-04
Eurostat COMEXT,CN 8473: importacion toneladas,2019,14061.639000000001,t,2026-09-04
Eurostat COMEXT,CN 8473: importacion toneladas,2020,12578.628,t,2026-09-04
Eurostat COMEXT,CN 8473: importacion toneladas,2021,13211.160999999998,t,2026-09-04
Eurostat COMEXT,CN 8473: importacion toneladas,2022,11664.998,t,2026-09-04
Eurostat COMEXT,CN 8473: importacion toneladas,2023,11732.965,t,2026-09-04
Eurostat COMEXT,CN 8473: importacion toneladas,2024,11561.609,t,2026-09-04
Eurostat COMEXT,CN 8502: consumo aparente,2019,-738.36974,M EUR,2026-09-04
Eurostat COMEXT,CN 8502: consumo aparente,2020,-705.038755,M EUR,2026-09-04
Eurostat COMEXT,CN 8502: consumo aparente,2021,-611.973197,M EUR,2026-09-04
Eurostat COMEXT,CN 8502: consumo aparente,2022,-434.860881,M EUR,2026-09-04
Eurostat COMEXT,CN 8502: consumo aparente,2023,-525.138599,M EUR,2026-09-04
Eurostat COMEXT,CN 8502: consumo aparente,2024,-510.463187,M EUR,2026-09-04
Eurostat COMEXT,CN 8502: importacion,2019,185.691417,M EUR,2026-09-04
Eurostat COMEXT,CN 8502: importacion,2020,167.727825,M EUR,2026-09-04
Eurostat COMEXT,CN 8502: importacion,2021,189.105515,M EUR,2026-09-04
Eurostat COMEXT,CN 8502: importacion,2022,254.012481,M EUR,2026-09-04
Eurostat COMEXT,CN 8502: importacion,2023,232.451575,M EUR,2026-09-04
Eurostat COMEXT,CN 8502: importacion,2024,246.046208,M EUR,2026-09-04
Eurostat COMEXT,CN 8502: importacion toneladas,2019,20869.735,t,2026-09-04
Eurostat COMEXT,CN 8502: importacion toneladas,2020,26821.611,t,2026-09-04
Eurostat COMEXT,CN 8502: importacion toneladas,2021,27732.887,t,2026-09-04
Eurostat COMEXT,CN 8502: importacion toneladas,2022,36647.407,t,2026-09-04
Eurostat COMEXT,CN 8502: importacion toneladas,2023,27589.940000000002,t,2026-09-04
Eurostat COMEXT,CN 8502: importacion toneladas,2024,25384.671,t,2026-09-04
Eurostat COMEXT,CN 8504: consumo aparente,2019,295.73908,M EUR,2026-09-04
Eurostat COMEXT,CN 8504: consumo aparente,2020,255.314595,M EUR,2026-09-04
Eurostat COMEXT,CN 8504: consumo aparente,2021,594.214101,M EUR,2026-09-04
Eurostat COMEXT,CN 8504: consumo aparente,2022,1101.692189,M EUR,2026-09-04
Eurostat COMEXT,CN 8504: consumo aparente,2023,454.396201,M EUR,2026-09-04
Eurostat COMEXT,CN 8504: consumo aparente,2024,396.176841,M EUR,2026-09-04
Eurostat COMEXT,CN 8504: importacion,2019,1226.183412,M EUR,2026-09-04
Eurostat COMEXT,CN 8504: importacion,2020,1323.296187,M EUR,2026-09-04
Eurostat COMEXT,CN 8504: importacion,2021,1787.482829,M EUR,2026-09-04
Eurostat COMEXT,CN 8504: importacion,2022,2644.610021,M EUR,2026-09-04
Eurostat COMEXT,CN 8504: importacion,2023,2779.479338,M EUR,2026-09-04
Eurostat COMEXT,CN 8504: importacion,2024,2746.437562,M EUR,2026-09-04
Eurostat COMEXT,CN 8504: importacion toneladas,2019,94365.871,t,2026-09-04
Eurostat COMEXT,CN 8504: importacion toneladas,2020,89500.902,t,2026-09-04
Eurostat COMEXT,CN 8504: importacion toneladas,2021,111418.28799999999,t,2026-09-04
Eurostat COMEXT,CN 8504: importacion toneladas,2022,139930.413,t,2026-09-04
Eurostat COMEXT,CN 8504: importacion toneladas,2023,167518.373,t,2026-09-04
Eurostat COMEXT,CN 8504: importacion toneladas,2024,164519.278,t,2026-09-04
Eurostat COMEXT,CN 8517: consumo aparente,2019,4445.570033,M EUR,2026-09-04
Eurostat COMEXT,CN 8517: consumo aparente,2020,4426.207409,M EUR,2026-09-04
Eurostat COMEXT,CN 8517: consumo aparente,2021,4724.531689,M EUR,2026-09-04
Eurostat COMEXT,CN 8517: consumo aparente,2022,5485.021769,M EUR,2026-09-04
Eurostat COMEXT,CN 8517: consumo aparente,2023,5546.756106,M EUR,2026-09-04
Eurostat COMEXT,CN 8517: consumo aparente,2024,5793.820557,M EUR,2026-09-04
Eurostat COMEXT,CN 8517: importacion,2019,5536.816597,M EUR,2026-09-04
Eurostat COMEXT,CN 8517: importacion,2020,5592.489802,M EUR,2026-09-04
Eurostat COMEXT,CN 8517: importacion,2021,6026.809429,M EUR,2026-09-04
Eurostat COMEXT,CN 8517: importacion,2022,7029.342721,M EUR,2026-09-04
Eurostat COMEXT,CN 8517: importacion,2023,7131.53115,M EUR,2026-09-04
Eurostat COMEXT,CN 8517: importacion,2024,7654.242649,M EUR,2026-09-04
Eurostat COMEXT,CN 8517: importacion toneladas,2019,41193.069,t,2026-09-04
Eurostat COMEXT,CN 8517: importacion toneladas,2020,71348.191,t,2026-09-04
Eurostat COMEXT,CN 8517: importacion toneladas,2021,43019.595,t,2026-09-04
Eurostat COMEXT,CN 8517: importacion toneladas,2022,31800.090000000004,t,2026-09-04
Eurostat COMEXT,CN 8517: importacion toneladas,2023,28694.038,t,2026-09-04
Eurostat COMEXT,CN 8517: importacion toneladas,2024,31019.194,t,2026-09-04
Eurostat COMEXT,CN 8536: consumo aparente,2019,198.361528,M EUR,2026-09-04
Eurostat COMEXT,CN 8536: consumo aparente,2020,245.941033,M EUR,2026-09-04
Eurostat COMEXT,CN 8536: consumo aparente,2021,463.391096,M EUR,2026-09-04
Eurostat COMEXT,CN 8536: consumo aparente,2022,492.514631,M EUR,2026-09-04
Eurostat COMEXT,CN 8536: consumo aparente,2023,242.91628,M EUR,2026-09-04
Eurostat COMEXT,CN 8536: consumo aparente,2024,174.286065,M EUR,2026-09-04
Eurostat COMEXT,CN 8536: importacion,2019,1625.539898,M EUR,2026-09-04
Eurostat COMEXT,CN 8536: importacion,2020,1501.667622,M EUR,2026-09-04
Eurostat COMEXT,CN 8536: importacion,2021,1690.917215,M EUR,2026-09-04
Eurostat COMEXT,CN 8536: importacion,2022,1855.011665,M EUR,2026-09-04
Eurostat COMEXT,CN 8536: importacion,2023,1900.158232,M EUR,2026-09-04
Eurostat COMEXT,CN 8536: importacion,2024,1911.221306,M EUR,2026-09-04
Eurostat COMEXT,CN 8536: importacion toneladas,2019,88713.469,t,2026-09-04
Eurostat COMEXT,CN 8536: importacion toneladas,2020,76182.134,t,2026-09-04
Eurostat COMEXT,CN 8536: importacion toneladas,2021,78583.466,t,2026-09-04
Eurostat COMEXT,CN 8536: importacion toneladas,2022,79739.108,t,2026-09-04
Eurostat COMEXT,CN 8536: importacion toneladas,2023,92749.619,t,2026-09-04
Eurostat COMEXT,CN 8536: importacion toneladas,2024,87645.036,t,2026-09-04
Eurostat COMEXT,CN 8537: consumo aparente,2019,295.127238,M EUR,2026-09-04
Eurostat COMEXT,CN 8537: consumo aparente,2020,230.129062,M EUR,2026-09-04
Eurostat COMEXT,CN 8537: consumo aparente,2021,199.057325,M EUR,2026-09-04
Eurostat COMEXT,CN 8537: consumo aparente,2022,319.934334,M EUR,2026-09-04
Eurostat COMEXT,CN 8537: consumo aparente,2023,458.678662,M EUR,2026-09-04
Eurostat COMEXT,CN 8537: consumo aparente,2024,333.764937,M EUR,2026-09-04
Eurostat COMEXT,CN 8537: importacion,2019,943.344803,M EUR,2026-09-04
Eurostat COMEXT,CN 8537: importacion,2020,840.200703,M EUR,2026-09-04
Eurostat COMEXT,CN 8537: importacion,2021,903.391866,M EUR,2026-09-04
Eurostat COMEXT,CN 8537: importacion,2022,1148.993156,M EUR,2026-09-04
Eurostat COMEXT,CN 8537: importacion,2023,1423.06263,M EUR,2026-09-04
Eurostat COMEXT,CN 8537: importacion,2024,1466.687021,M EUR,2026-09-04
Eurostat COMEXT,CN 8537: importacion toneladas,2019,33167.968,t,2026-09-04
Eurostat COMEXT,CN 8537: importacion toneladas,2020,25080.417,t,2026-09-04
Eurostat COMEXT,CN 8537: importacion toneladas,2021,26591.618,t,2026-09-04
Eurostat COMEXT,CN 8537: importacion toneladas,2022,30274.655,t,2026-09-04
Eurostat COMEXT,CN 8537: importacion toneladas,2023,33855.606,t,2026-09-04
Eurostat COMEXT,CN 8537: importacion toneladas,2024,40593.178,t,2026-09-04
Eurostat COMEXT,CN 8542: consumo aparente,2019,336.425564,M EUR,2026-09-04
Eurostat COMEXT,CN 8542: consumo aparente,2020,329.841673,M EUR,2026-09-04
Eurostat COMEXT,CN 8542: consumo aparente,2021,490.245885,M EUR,2026-09-04
Eurostat COMEXT,CN 8542: consumo aparente,2022,723.295108,M EUR,2026-09-04
Eurostat COMEXT,CN 8542: consumo aparente,2023,790.216501,M EUR,2026-09-04
Eurostat COMEXT,CN 8542: consumo aparente,2024,726.503065,M EUR,2026-09-04
Eurostat COMEXT,CN 8542: importacion,2019,642.396475,M EUR,2026-09-04
Eurostat COMEXT,CN 8542: importacion,2020,616.887368,M EUR,2026-09-04
Eurostat COMEXT,CN 8542: importacion,2021,800.229456,M EUR,2026-09-04
Eurostat COMEXT,CN 8542: importacion,2022,1072.455109,M EUR,2026-09-04
Eurostat COMEXT,CN 8542: importacion,2023,1158.386182,M EUR,2026-09-04
Eurostat COMEXT,CN 8542: importacion,2024,1150.608577,M EUR,2026-09-04
Eurostat COMEXT,CN 8542: importacion toneladas,2019,7963.644,t,2026-09-04
Eurostat COMEXT,CN 8542: importacion toneladas,2020,7941.149000000001,t,2026-09-04
Eurostat COMEXT,CN 8542: importacion toneladas,2021,7252.6320000000005,t,2026-09-04
Eurostat COMEXT,CN 8542: importacion toneladas,2022,13046.547,t,2026-09-04
Eurostat COMEXT,CN 8542: importacion toneladas,2023,13461.345000000001,t,2026-09-04
Eurostat COMEXT,CN 8542: importacion toneladas,2024,21005.729,t,2026-09-04
Eurostat COMEXT,CN 8544: consumo aparente,2019,699.871426,M EUR,2026-09-04
Eurostat COMEXT,CN 8544: consumo aparente,2020,680.541041,M EUR,2026-09-04
Eurostat COMEXT,CN 8544: consumo aparente,2021,430.305199,M EUR,2026-09-04
Eurostat COMEXT,CN 8544: consumo aparente,2022,644.440335,M EUR,2026-09-04
Eurostat COMEXT,CN 8544: consumo aparente,2023,1177.259449,M EUR,2026-09-04
Eurostat COMEXT,CN 8544: consumo aparente,2024,1379.834106,M EUR,2026-09-04
Eurostat COMEXT,CN 8544: importacion,2019,2872.20588,M EUR,2026-09-04
Eurostat COMEXT,CN 8544: importacion,2020,2542.45797,M EUR,2026-09-04
Eurostat COMEXT,CN 8544: importacion,2021,2566.775252,M EUR,2026-09-04
Eurostat COMEXT,CN 8544: importacion,2022,3200.094693,M EUR,2026-09-04
Eurostat COMEXT,CN 8544: importacion,2023,3958.350414,M EUR,2026-09-04
Eurostat COMEXT,CN 8544: importacion,2024,4335.493673,M EUR,2026-09-04
Eurostat COMEXT,CN 8544: importacion toneladas,2019,261453.763,t,2026-09-04
Eurostat COMEXT,CN 8544: importacion toneladas,2020,256952.802,t,2026-09-04
Eurostat COMEXT,CN 8544: importacion toneladas,2021,243315.90499999997,t,2026-09-04
Eurostat COMEXT,CN 8544: importacion toneladas,2022,268195.773,t,2026-09-04
Eurostat COMEXT,CN 8544: importacion toneladas,2023,327526.986,t,2026-09-04
Eurostat COMEXT,CN 8544: importacion toneladas,2024,309512.745,t,2026-09-04
Eurostat COMEXT,"Consumo aparente, relevancia alta",2019,8131.166376,M EUR,2026-09-04
Eurostat COMEXT,"Consumo aparente, relevancia alta",2020,8550.030116,M EUR,2026-09-04
Eurostat COMEXT,"Consumo aparente, relevancia alta",2021,9563.65725,M EUR,2026-09-04
Eurostat COMEXT,"Consumo aparente, relevancia alta",2022,10873.828846,M EUR,2026-09-04
Eurostat COMEXT,"Consumo aparente, relevancia alta",2023,10413.488023,M EUR,2026-09-04
Eurostat COMEXT,"Consumo aparente, relevancia alta",2024,10638.722809,M EUR,2026-09-04
Eurostat COMEXT,"Consumo aparente, relevancia baja",2019,1405.648901,M EUR,2026-09-04
Eurostat COMEXT,"Consumo aparente, relevancia baja",2020,1382.812583,M EUR,2026-09-04
Eurostat COMEXT,"Consumo aparente, relevancia baja",2021,1439.573984,M EUR,2026-09-04
Eurostat COMEXT,"Consumo aparente, relevancia baja",2022,1611.49093,M EUR,2026-09-04
Eurostat COMEXT,"Consumo aparente, relevancia baja",2023,1930.786286,M EUR,2026-09-04
Eurostat COMEXT,"Consumo aparente, relevancia baja",2024,2134.574925,M EUR,2026-09-04
Eurostat COMEXT,"Consumo aparente, relevancia media",2019,383.995722,M EUR,2026-09-04
Eurostat COMEXT,"Consumo aparente, relevancia media",2020,301.827011,M EUR,2026-09-04
Eurostat COMEXT,"Consumo aparente, relevancia media",2021,726.727378,M EUR,2026-09-04
Eurostat COMEXT,"Consumo aparente, relevancia media",2022,1579.08033,M EUR,2026-09-04
Eurostat COMEXT,"Consumo aparente, relevancia media",2023,1053.591328,M EUR,2026-09-04
Eurostat COMEXT,"Consumo aparente, relevancia media",2024,981.462164,M EUR,2026-09-04
INE CNTR (FBCF),Activos fijos materiales,2017,180545.0,M EUR,2026-09-04
INE CNTR (FBCF),Activos fijos materiales,2018,196860.0,M EUR,2026-09-04
INE CNTR (FBCF),Activos fijos materiales,2019,212175.0,M EUR,2026-09-04
INE CNTR (FBCF),Activos fijos materiales,2020,191289.0,M EUR,2026-09-04
INE CNTR (FBCF),Activos fijos materiales,2021,203744.0,M EUR,2026-09-04
INE CNTR (FBCF),Activos fijos materiales,2022,229474.0,M EUR,2026-09-04
INE CNTR (FBCF),Activos fijos materiales,2023,246783.0,M EUR,2026-09-04
INE CNTR (FBCF),Activos fijos materiales,2024,259895.0,M EUR,2026-09-04
INE CNTR (FBCF),Activos fijos materiales,2025,280177.0,M EUR,2026-09-04
INE CNTR (FBCF),Construccion,2017,106411.0,M EUR,2026-09-04
INE CNTR (FBCF),Construccion,2018,118912.0,M EUR,2026-09-04
INE CNTR (FBCF),Construccion,2019,131947.0,M EUR,2026-09-04
INE CNTR (FBCF),Construccion,2020,120541.0,M EUR,2026-09-04
INE CNTR (FBCF),Construccion,2021,128739.0,M EUR,2026-09-04
INE CNTR (FBCF),Construccion,2022,147462.0,M EUR,2026-09-04
INE CNTR (FBCF),Construccion,2023,159719.0,M EUR,2026-09-04
INE CNTR (FBCF),Construccion,2024,169286.0,M EUR,2026-09-04
INE CNTR (FBCF),Construccion,2025,181913.0,M EUR,2026-09-04
INE CNTR (FBCF),Construccion: otros edificios y construcciones,2017,51248.0,M EUR,2026-09-04
INE CNTR (FBCF),Construccion: otros edificios y construcciones,2018,55129.0,M EUR,2026-09-04
INE CNTR (FBCF),Construccion: otros edificios y construcciones,2019,61177.0,M EUR,2026-09-04
INE CNTR (FBCF),Construccion: otros edificios y construcciones,2020,55457.0,M EUR,2026-09-04
INE CNTR (FBCF),Construccion: otros edificios y construcciones,2021,59401.0,M EUR,2026-09-04
INE CNTR (FBCF),Construccion: otros edificios y construcciones,2022,64414.0,M EUR,2026-09-04
INE CNTR (FBCF),Construccion: otros edificios y construcciones,2023,72660.0,M EUR,2026-09-04
INE CNTR (FBCF),Construccion: otros edificios y construcciones,2024,78226.0,M EUR,2026-09-04
INE CNTR (FBCF),Construccion: otros edificios y construcciones,2025,84167.0,M EUR,2026-09-04
INE CNTR (FBCF),FBCF total,2017,221207.0,M EUR,2026-09-04
INE CNTR (FBCF),FBCF total,2018,238502.0,M EUR,2026-09-04
INE CNTR (FBCF),FBCF total,2019,254566.0,M EUR,2026-09-04
INE CNTR (FBCF),FBCF total,2020,232798.0,M EUR,2026-09-04
INE CNTR (FBCF),FBCF total,2021,249560.0,M EUR,2026-09-04
INE CNTR (FBCF),FBCF total,2022,281890.0,M EUR,2026-09-04
INE CNTR (FBCF),FBCF total,2023,306529.0,M EUR,2026-09-04
INE CNTR (FBCF),FBCF total,2024,323455.0,M EUR,2026-09-04
INE CNTR (FBCF),FBCF total,2025,347698.0,M EUR,2026-09-04
INE CNTR (FBCF),"Maquinaria, bienes de equipo y sistemas de armamento",2017,71838.0,M EUR,2026-09-04
INE CNTR (FBCF),"Maquinaria, bienes de equipo y sistemas de armamento",2018,75586.0,M EUR,2026-09-04
INE CNTR (FBCF),"Maquinaria, bienes de equipo y sistemas de armamento",2019,77629.0,M EUR,2026-09-04
INE CNTR (FBCF),"Maquinaria, bienes de equipo y sistemas de armamento",2020,68013.0,M EUR,2026-09-04
INE CNTR (FBCF),"Maquinaria, bienes de equipo y sistemas de armamento",2021,72389.0,M EUR,2026-09-04
INE CNTR (FBCF),"Maquinaria, bienes de equipo y sistemas de armamento",2022,79601.0,M EUR,2026-09-04
INE CNTR (FBCF),"Maquinaria, bienes de equipo y sistemas de armamento",2023,84621.0,M EUR,2026-09-04
INE CNTR (FBCF),"Maquinaria, bienes de equipo y sistemas de armamento",2024,87973.0,M EUR,2026-09-04
INE CNTR (FBCF),"Maquinaria, bienes de equipo y sistemas de armamento",2025,95395.0,M EUR,2026-09-04
INE CNTR (FBCF),Maquinaria: material de transporte,2017,26461.0,M EUR,2026-09-04
INE CNTR (FBCF),Maquinaria: material de transporte,2018,26976.0,M EUR,2026-09-04
INE CNTR (FBCF),Maquinaria: material de transporte,2019,26743.0,M EUR,2026-09-04
INE CNTR (FBCF),Maquinaria: material de transporte,2020,18253.0,M EUR,2026-09-04
INE CNTR (FBCF),Maquinaria: material de transporte,2021,18067.0,M EUR,2026-09-04
INE CNTR (FBCF),Maquinaria: material de transporte,2022,20808.0,M EUR,2026-09-04
INE CNTR (FBCF),Maquinaria: material de transporte,2023,25067.0,M EUR,2026-09-04
INE CNTR (FBCF),Maquinaria: material de transporte,2024,26121.0,M EUR,2026-09-04
INE CNTR (FBCF),Maquinaria: material de transporte,2025,29130.0,M EUR,2026-09-04
INE CNTR (FBCF),Maquinaria: otros,2017,45377.0,M EUR,2026-09-04
INE CNTR (FBCF),Maquinaria: otros,2018,48610.0,M EUR,2026-09-04
INE CNTR (FBCF),Maquinaria: otros,2019,50886.0,M EUR,2026-09-04
INE CNTR (FBCF),Maquinaria: otros,2020,49760.0,M EUR,2026-09-04
INE CNTR (FBCF),Maquinaria: otros,2021,54322.0,M EUR,2026-09-04
INE CNTR (FBCF),Maquinaria: otros,2022,58793.0,M EUR,2026-09-04
INE CNTR (FBCF),Maquinaria: otros,2023,59554.0,M EUR,2026-09-04
INE CNTR (FBCF),Maquinaria: otros,2024,61852.0,M EUR,2026-09-04
INE CNTR (FBCF),Maquinaria: otros,2025,66265.0,M EUR,2026-09-04
INE CNTR (FBCF),Productos de la propiedad intelectual,2017,40662.0,M EUR,2026-09-04
INE CNTR (FBCF),Productos de la propiedad intelectual,2018,41642.0,M EUR,2026-09-04
INE CNTR (FBCF),Productos de la propiedad intelectual,2019,42391.0,M EUR,2026-09-04
INE CNTR (FBCF),Productos de la propiedad intelectual,2020,41509.0,M EUR,2026-09-04
INE CNTR (FBCF),Productos de la propiedad intelectual,2021,45816.0,M EUR,2026-09-04
INE CNTR (FBCF),Productos de la propiedad intelectual,2022,52416.0,M EUR,2026-09-04
INE CNTR (FBCF),Productos de la propiedad intelectual,2023,59746.0,M EUR,2026-09-04
INE CNTR (FBCF),Productos de la propiedad intelectual,2024,63560.0,M EUR,2026-09-04
INE CNTR (FBCF),Productos de la propiedad intelectual,2025,67521.0,M EUR,2026-09-04
INE EEE Servicios (CNAE 6311),"Edificios, construcciones y reformas",2018,2175.0,miles EUR,2026-09-04
INE EEE Servicios (CNAE 6311),"Edificios, construcciones y reformas",2019,2903.0,miles EUR,2026-09-04
INE EEE Servicios (CNAE 6311),"Edificios, construcciones y reformas",2020,2993.0,miles EUR,2026-09-04
INE EEE Servicios (CNAE 6311),"Edificios, construcciones y reformas",2021,22516.0,miles EUR,2026-09-04
INE EEE Servicios (CNAE 6311),"Edificios, construcciones y reformas",2022,11560.0,miles EUR,2026-09-04
INE EEE Servicios (CNAE 6311),"Edificios, construcciones y reformas",2023,78782.0,miles EUR,2026-09-04
INE EEE Servicios (CNAE 6311),"Edificios, construcciones y reformas",2024,67312.0,miles EUR,2026-09-04
INE EEE Servicios (CNAE 6311),Elementos de transporte y otros,2018,17183.0,miles EUR,2026-09-04
INE EEE Servicios (CNAE 6311),Elementos de transporte y otros,2019,22818.0,miles EUR,2026-09-04
INE EEE Servicios (CNAE 6311),Elementos de transporte y otros,2020,93420.0,miles EUR,2026-09-04
INE EEE Servicios (CNAE 6311),Elementos de transporte y otros,2021,267597.0,miles EUR,2026-09-04
INE EEE Servicios (CNAE 6311),Elementos de transporte y otros,2022,55745.0,miles EUR,2026-09-04
INE EEE Servicios (CNAE 6311),Elementos de transporte y otros,2023,56462.0,miles EUR,2026-09-04
INE EEE Servicios (CNAE 6311),Elementos de transporte y otros,2024,613748.0,miles EUR,2026-09-04
INE EEE Servicios (CNAE 6311),Instalaciones técnicas,2018,5123.0,miles EUR,2026-09-04
INE EEE Servicios (CNAE 6311),Instalaciones técnicas,2019,5636.0,miles EUR,2026-09-04
INE EEE Servicios (CNAE 6311),Instalaciones técnicas,2020,2299.0,miles EUR,2026-09-04
INE EEE Servicios (CNAE 6311),Instalaciones técnicas,2021,4852.0,miles EUR,2026-09-04
INE EEE Servicios (CNAE 6311),Instalaciones técnicas,2022,197644.0,miles EUR,2026-09-04
INE EEE Servicios (CNAE 6311),Instalaciones técnicas,2023,130757.0,miles EUR,2026-09-04
INE EEE Servicios (CNAE 6311),Instalaciones técnicas,2024,527058.0,miles EUR,2026-09-04
INE EEE Servicios (CNAE 6311),Inversión en activos intangibles,2018,36804.0,miles EUR,2026-09-04
INE EEE Servicios (CNAE 6311),Inversión en activos intangibles,2019,77621.0,miles EUR,2026-09-04
INE EEE Servicios (CNAE 6311),Inversión en activos intangibles,2020,87282.0,miles EUR,2026-09-04
INE EEE Servicios (CNAE 6311),Inversión en activos intangibles,2021,103151.0,miles EUR,2026-09-04
INE EEE Servicios (CNAE 6311),Inversión en activos intangibles,2022,88121.0,miles EUR,2026-09-04
INE EEE Servicios (CNAE 6311),Inversión en activos intangibles,2023,122321.0,miles EUR,2026-09-04
INE EEE Servicios (CNAE 6311),Inversión en activos intangibles,2024,66344.0,miles EUR,2026-09-04
INE EEE Servicios (CNAE 6311),Inversión en activos materiales,2018,38159.0,miles EUR,2026-09-04
INE EEE Servicios (CNAE 6311),Inversión en activos materiales,2019,35638.0,miles EUR,2026-09-04
INE EEE Servicios (CNAE 6311),Inversión en activos materiales,2020,105210.0,miles EUR,2026-09-04
INE EEE Servicios (CNAE 6311),Inversión en activos materiales,2021,301170.0,miles EUR,2026-09-04
INE EEE Servicios (CNAE 6311),Inversión en activos materiales,2022,335473.0,miles EUR,2026-09-04
INE EEE Servicios (CNAE 6311),Inversión en activos materiales,2023,285383.0,miles EUR,2026-09-04
INE EEE Servicios (CNAE 6311),Inversión en activos materiales,2024,1454926.0,miles EUR,2026-09-04
INE EEE Servicios (CNAE 6311),Maquinaria y utillaje,2018,11128.0,miles EUR,2026-09-04
INE EEE Servicios (CNAE 6311),Maquinaria y utillaje,2019,2697.0,miles EUR,2026-09-04
INE EEE Servicios (CNAE 6311),Maquinaria y utillaje,2020,929.0,miles EUR,2026-09-04
INE EEE Servicios (CNAE 6311),Maquinaria y utillaje,2021,5062.0,miles EUR,2026-09-04
INE EEE Servicios (CNAE 6311),Maquinaria y utillaje,2022,10655.0,miles EUR,2026-09-04
INE EEE Servicios (CNAE 6311),Maquinaria y utillaje,2023,9601.0,miles EUR,2026-09-04
INE EEE Servicios (CNAE 6311),Maquinaria y utillaje,2024,8488.0,miles EUR,2026-09-04
INE EEE Servicios (CNAE 6311),Terrenos y bienes naturales,2018,2550.0,miles EUR,2026-09-04
INE EEE Servicios (CNAE 6311),Terrenos y bienes naturales,2019,1584.0,miles EUR,2026-09-04
INE EEE Servicios (CNAE 6311),Terrenos y bienes naturales,2020,5569.0,miles EUR,2026-09-04
INE EEE Servicios (CNAE 6311),Terrenos y bienes naturales,2021,1143.0,miles EUR,2026-09-04
INE EEE Servicios (CNAE 6311),Terrenos y bienes naturales,2022,59869.0,miles EUR,2026-09-04
INE EEE Servicios (CNAE 6311),Terrenos y bienes naturales,2023,9781.0,miles EUR,2026-09-04
INE EEE Servicios (CNAE 6311),Terrenos y bienes naturales,2024,238319.0,miles EUR,2026-09-04
INE EEE Servicios (CNAE 6311),Total inversión,2018,74963.0,miles EUR,2026-09-04
INE EEE Servicios (CNAE 6311),Total inversión,2019,113259.0,miles EUR,2026-09-04
INE EEE Servicios (CNAE 6311),Total inversión,2020,192492.0,miles EUR,2026-09-04
INE EEE Servicios (CNAE 6311),Total inversión,2021,404321.0,miles EUR,2026-09-04
INE EEE Servicios (CNAE 6311),Total inversión,2022,423594.0,miles EUR,2026-09-04
INE EEE Servicios (CNAE 6311),Total inversión,2023,407704.0,miles EUR,2026-09-04
INE EEE Servicios (CNAE 6311),Total inversión,2024,1521269.0,miles EUR,2026-09-04
