nif,razon_social,grupo,n_expedientes,ccaa,primer_tramite,ultimo_tramite
B86339595,"Amazon Data Services, Spain, SL",,54,Aragon,2019-11-13,2026-06-24
B72596547,"ACS DC Infra La Puebla, SL",,12,Aragon,2025-07-23,2026-08-13
B16752750,"Zarza Networks, SL",Meta Platforms,10,Castilla-La Mancha,2022-06-20,2026-08-21
A41857988,"Sociedad Andaluza para el Desarrollo de las Telecomunicaciones, SA",,5,Andalucia,2024-03-20,2025-09-03
B87046314,"Merlín Logística, SLU",,4,Pais Vasco,2023-12-22,2026-02-20
A44000230,Sociedad Anónima Minera Catalano- Aragonesa,,4,Aragon,2025-09-15,2025-12-30
B70639497,Data Riocaya,,3,Extremadura,2026-05-25,2026-06-11
A41696097,"Equinix (Spain), SAU",,3,Madrid,2022,2025-06-27
A50645480,"Molinos del Ebro, SA",,3,Aragon,2026-02-25,2026-02-25
A85309219,"Red Electrica de Espana, SAU",,3,"Madrid,Castilla-La Mancha",2026-04-27,2026-05-07
A88092127,"Axent Infraestructuras de Telecomunicaciones, SA",,2,Aragon,2020-04-01,2020-04-01
G15852981,Fundación Pública Gallega Centro Tecnológico de Supercomputación de Galicia,,2,Galicia,2024-11-22,2024-12-10
B70639513,"Galicia Green Data Center, SL",,2,Galicia,2025-01-23,2026-02-16
B06963367,"Ignis Data Tria, SLU",,2,Madrid,2026-02-16,2026-04
B70639505,"Moana Data, SL",,2,Pais Vasco,2026-05,2026-05-22
B50907328,"Suelo y Vivienda de Aragón, SLU",,2,Aragon,2021-04-08,2024-05-17
B23918386,"DC Estate Malpica, SL",,1,Castilla-La Mancha,2026-07-15,2026-07-15
B23918352,"DC Estate Vianos, SL",,1,Castilla-La Mancha,2026-06-15,2026-06-15
B75356428,"Guadalajara Data Center, SLU",,1,Castilla-La Mancha,2026-04-28,2026-04-28
B13685219,"Ignis Data Beta, SL",,1,Madrid,2026-03-06,2026-03-06
Q5095004G,Instituto Aragonés de Fomento,,1,Aragon,2025-08-20,2025-08-20
B21689039,"MEDITERRA DATACENTERS IBERIA, SLU",,1,Cataluna,2026-09-29,2026-09-29
B13766233,"Merlin Edged, SL",,1,Extremadura,2026-05-22,2026-05-22
B62116298,"Santander Global Services, SL",,1,Cantabria,2023-05-12,2023-05-12
A83511501,"Solaria Energia y Medio Ambiente, SA",,1,Castilla-La Mancha,2026-07-13,2026-07-13
