slug,nombre,operador,municipio,cod_ine,ccaa,fase,tipo_ficha,id_directorio,id_padre,mw_plena,mw_viva,mw,cuenta,id_proyecto,emparejamiento,url
22at,Mediacloud Edificio Imagina,Mediacloud,Barcelona,08019,Cataluna,operativo,Facility,5142,,,,,True,,solo_municipio,https://www.datacentermap.com/spain/barcelona/22at/
abserver-datacenter1,Axarnet Alicante,Axarnet,Alicante,03014,Comunitat Valenciana,operativo,Facility,2896,,,,,True,,sin_expediente,https://www.datacentermap.com/spain/alicante/abserver-datacenter1/
acens,acens Madrid,Acens Technologies,Alcobendas,28006,Madrid,sin_fase,Facility,3213,,,,,True,,solo_municipio,https://www.datacentermap.com/spain/madrid/acens/
acens-barcelona,acens Barcelona,Acens Technologies,Barcelona,08019,Cataluna,operativo,Facility,3214,,,,,True,,solo_municipio,https://www.datacentermap.com/spain/barcelona/acens-barcelona/
ack-dc-1,ACK DC 1,ACKSTORM,Barcelona,08019,Cataluna,operativo,Facility,3384,3388,,,,True,,solo_municipio,https://www.datacentermap.com/spain/barcelona/ack-dc-1/
acs-la-puebla-de-alfinden,ACS La Puebla de Alfindén,Grupo ACS,La Puebla de Alfindén,50219,Aragon,planificado,Facility,16272,,150.0,,150.0,True,AR-P09,operador,https://www.datacentermap.com/spain/zaragoza/acs-la-puebla-de-alfinden/
adam-bcn3,Adam BCN3,Adam,Cerdanyola del Vallès,08266,Cataluna,en_construccion,Facility,10196,,8.0,,8.0,True,,solo_municipio,https://www.datacentermap.com/spain/barcelona/adam-bcn3/
adam-madrid-tecnoalcal,Adam MAD TecnoAlcalá,Adam,Alcalá de Henares,28005,Madrid,sin_fase,Facility,10197,,2.0,,2.0,True,,solo_municipio,https://www.datacentermap.com/spain/madrid/adam-madrid-tecnoalcal/
adam-ptv,Adam PTV,Adam,Cerdanyola,08266,Cataluna,operativo,Facility,5708,,4.0,,4.0,True,,solo_municipio,https://www.datacentermap.com/spain/barcelona/adam-ptv/
adi-data-center-euskadi,ADI Data Center Euskadi,Atlantic Data Infrastructure (ADI),Biscay,,,en_construccion,Facility,14094,,1.0,,1.0,True,,sin_municipio,https://www.datacentermap.com/spain/bilbao/adi-data-center-euskadi/
adi-data-center-garaia,ADI Data Center Garaia,Atlantic Data Infrastructure (ADI),Arrasate,20055,Pais Vasco,en_construccion,Facility,14095,,3.0,,3.0,True,,sin_expediente,https://www.datacentermap.com/spain/bilbao/adi-data-center-garaia/
aire-oasix-las-palmas,Grupo Aire OASIX Las Palmas,Grupo Aire | OASIX,Las Palmas de Gran Canaria,35016,Canarias,operativo,Facility,10190,,,,,True,,sin_expediente,https://www.datacentermap.com/spain/las-palmas/aire-oasix-las-palmas/
aire-oasix-madrid,Templus Madrid MAD03,Templus,Madrid,28079,Madrid,sin_fase,Facility,10189,,1.5,,1.5,True,,solo_municipio,https://www.datacentermap.com/spain/madrid/aire-oasix-madrid/
aire-oasix-valencia,Templus Valencia VAL01,Templus,Paterna (Valencia),46190,Comunitat Valenciana,operativo,Facility,10191,,0.6,,0.6,True,,sin_expediente,https://www.datacentermap.com/spain/valencia/aire-oasix-valencia/
alcobendas-innovation-campus,Alcobendas Innovation Campus,AiOnX,Alcobendas,28006,Madrid,planificado,Campus,19171,,500.0,,500.0,True,,solo_municipio,https://www.datacentermap.com/spain/madrid/alcobendas-innovation-campus/
alcobendas-innovation-campus-bldg-1,Alcobendas Innovation Campus - Bldg 1,AiOnX,Alcobendas,28006,Madrid,planificado,Facility,19172,19171,,,,False,,solo_municipio,https://www.datacentermap.com/spain/madrid/alcobendas-innovation-campus-bldg-1/
alcobendas-innovation-campus-bldg-2,Alcobendas Innovation Campus - Bldg 2,AiOnX,Alcobendas,28006,Madrid,planificado,Facility,19173,19171,,,,False,,solo_municipio,https://www.datacentermap.com/spain/madrid/alcobendas-innovation-campus-bldg-2/
algete-data-hub,Algete Data Hub,AVAIO Digital,Algete,28009,Madrid,planificado,Facility,15921,,64.0,,64.0,True,,solo_municipio,https://www.datacentermap.com/spain/madrid/algete-data-hub/
amazon-aws-mad-gallego,Amazon AWS MAD - Villanueva de Gállego 1,Amazon AWS,Villanueva de Gállego,50288,Aragon,operativo,Facility,10698,,,,,True,AR-P01,operador,https://www.datacentermap.com/spain/zaragoza/amazon-aws-mad-gallego/
amazon-aws-mad-huesca,Amazon AWS MAD - Huesca,Amazon AWS,Huesca,22125,Aragon,operativo,Facility,10697,,,,,True,AR-P01,operador,https://www.datacentermap.com/spain/huesca/amazon-aws-mad-huesca/
amazon-aws-mad-la-puebla-de-hjar,Amazon AWS MAD - La Puebla de Híjar,Amazon AWS,La Puebla de Híjar,44191,Aragon,planificado,Facility,16902,,100.0,,100.0,True,,solo_municipio,https://www.datacentermap.com/spain/zaragoza/amazon-aws-mad-la-puebla-de-hjar/
amazon-aws-mad-san-mateo-de-gllego,Amazon AWS MAD - San Mateo de Gállego,Amazon AWS,San Mateo de Gállego,50235,Aragon,planificado,Facility,16903,,,,,True,,sin_expediente,https://www.datacentermap.com/spain/zaragoza/amazon-aws-mad-san-mateo-de-gllego/
amazon-aws-mad-zaragoza,Amazon AWS MAD - El Burgo de Ebro,Amazon AWS,Zaragoza,50297,Aragon,operativo,Facility,10699,,,,,True,AR-P01,operador,https://www.datacentermap.com/spain/zaragoza/amazon-aws-mad-zaragoza/
apto-dc-madrid-building-1,Apto DC Madrid - Building 1,Apto DC,Fuenlabrada,28058,Madrid,en_construccion,Facility,17023,17022,,,,False,,sin_expediente,https://www.datacentermap.com/spain/madrid/apto-dc-madrid-building-1/
apto-dc-madrid-building-2,Apto DC Madrid - Building 2,Apto DC,Fuenlabrada,28058,Madrid,planificado,Facility,17024,17022,,,,False,,sin_expediente,https://www.datacentermap.com/spain/madrid/apto-dc-madrid-building-2/
apto-dc-madrid-building-3,Apto DC Madrid - Building 3,Apto DC,Fuenlabrada,28058,Madrid,planificado,Facility,17025,17022,,,,False,,sin_expediente,https://www.datacentermap.com/spain/madrid/apto-dc-madrid-building-3/
apto-dc-madrid-building-4,Apto DC Madrid - Building 4,Apto DC,Fuenlabrada,28058,Madrid,planificado,Facility,17026,17022,,,,False,,sin_expediente,https://www.datacentermap.com/spain/madrid/apto-dc-madrid-building-4/
apto-dc-madrid-building-5,Apto DC Madrid - Building 5,Apto DC,Fuenlabrada,28058,Madrid,planificado,Facility,17027,17022,,,,False,,sin_expediente,https://www.datacentermap.com/spain/madrid/apto-dc-madrid-building-5/
apto-dc-madrid-campus,Apto DC Madrid Campus,Apto DC,Fuenlabrada,28058,Madrid,en_construccion,Campus,17022,,240.0,,240.0,True,,sin_expediente,https://www.datacentermap.com/spain/madrid/apto-dc-madrid-campus/
aq-compute-aq-bcn1,hscale BCN1,hscale,Cerdanyola del Vallès,08266,Cataluna,en_construccion,Facility,9761,,50.0,,50.0,True,,solo_municipio,https://www.datacentermap.com/spain/barcelona/aq-compute-aq-bcn1/
area-project,AREA PROJECT,Area Project Solutions S.L.,Albacete,02003,Castilla-La Mancha,sin_fase,Facility,3905,,,,,True,,sin_expediente,https://www.datacentermap.com/spain/albacete/area-project/
ark-data-centres-barcelona,Ark Data Centres - Barcelona,Ark Data Centres,Sant Andreu,08019,Cataluna,planificado,Facility,17085,,45.0,,45.0,True,,solo_municipio,https://www.datacentermap.com/spain/barcelona/ark-data-centres-barcelona/
arsys,Arsys Logroño Data Center Portalada,Arsys Internet S.L.,Logroño,26089,La Rioja,operativo,Facility,1714,,,,,True,,sin_expediente,https://www.datacentermap.com/spain/logrono/arsys/
asac1,ASAC 1,ASAC Comunicaciones,Llanera,33035,Asturias,operativo,Facility,4779,,,,,True,,sin_expediente,https://www.datacentermap.com/spain/oviedo/asac1/
asac2,ASAC 2,ASAC Comunicaciones,Posada,33035,Asturias,operativo,Facility,4780,,,,,True,,sin_expediente,https://www.datacentermap.com/spain/oviedo/asac2/
atlasedge-bcn002,AtlasEdge BCN002,AtlasEdge,Sant Adrià de Besòs,08194,Cataluna,planificado,Facility,15055,,,,,True,,sin_expediente,https://www.datacentermap.com/spain/barcelona/atlasedge-bcn002/
av-del-maresme-43-bcn1,"Av. del Maresme, 43 (BCN1)",Digital Realty,Sant Adrià del Besòs,08194,Cataluna,operativo,Facility,15559,,15.0,14.0,14.0,True,,sin_expediente,https://www.datacentermap.com/spain/barcelona/av-del-maresme-43-bcn1/
avangreen-data-center-ceuta,Avangreen Data Center Ceuta,Avangreen,Ceuta,51001,Ceuta,en_construccion,Facility,14108,,2.4,,2.4,True,,solo_municipio,https://www.datacentermap.com/spain/ceuta/avangreen-data-center-ceuta/
axion-data-center-sevilla,Axion Data Center Sevilla,Axión,Valencina de la Concepción,41096,Andalucia,operativo,Facility,14109,,,,,True,,sin_expediente,https://www.datacentermap.com/spain/sevilla/axion-data-center-sevilla/
barcelona,Adam BCN,Adam,Barcelona,08019,Cataluna,operativo,Facility,2946,,1.5,,1.5,True,,solo_municipio,https://www.datacentermap.com/spain/barcelona/barcelona/
bitnap-barcelona-01,Templus Barcelona BCN01,Templus,LHospitalet de LLobregat,08101,Cataluna,operativo,Facility,5946,,1.7,,1.7,True,,sin_expediente,https://www.datacentermap.com/spain/barcelona/bitnap-barcelona-01/
box2bit-axis-east,Box2bit AXIS East,Box2bit,Torija,19274,Castilla-La Mancha,planificado,Facility,14717,,,,,True,CM-P08,operador,https://www.datacentermap.com/spain/guadalajara-es/box2bit-axis-east/
box2bit-axis-south,Box2bit AXIS South,Box2bit,Recas,45145,Castilla-La Mancha,planificado,Facility,14718,,,,,True,CM-P09,operador,https://www.datacentermap.com/spain/toledo-es/box2bit-axis-south/
box2bit-calatayud,Box2bit Calatayud,Box2bit,Calatayud,50067,Aragon,planificado,Facility,14719,,,,,True,,sin_expediente,https://www.datacentermap.com/spain/zaragoza/box2bit-calatayud/
box2bit-malaga,Box2bit Malaga,Box2bit,Cruz de Humilladero,29067,Andalucia,planificado,Facility,14716,,,,,True,,solo_municipio,https://www.datacentermap.com/spain/malaga/box2bit-malaga/
c-acer-5-9,c/Acer 5-9,Principal Global Investors,Barcelona,08019,Cataluna,operativo,Multi-Tenant Building,3388,,,,,False,,solo_municipio,https://www.datacentermap.com/spain/barcelona/c-acer-5-9/
calle-de-alcal-mad5,Calle de Alcalá (MAD5),Digital Realty,San Blas-Canillejas,28079,Madrid,planificado,Facility,15645,,24.0,,24.0,True,MA-P07,operador,https://www.datacentermap.com/spain/madrid/calle-de-alcal-mad5/
campus-data-navarra,Campus Data Navarra,Grupo VDR,Gazólaz,31076,Navarra,planificado,Campus,14839,,300.0,,300.0,False,,sin_expediente,https://www.datacentermap.com/spain/pamplona/campus-data-navarra/
campus-data-navarra-bldg-1,Campus Data Navarra - Bldg 1,Grupo VDR,Gazólaz,31076,Navarra,planificado,Facility,14840,14839,50.0,,50.0,True,,sin_expediente,https://www.datacentermap.com/spain/pamplona/campus-data-navarra-bldg-1/
campus-data-navarra-bldg-2,Campus Data Navarra - Bldg 2,Grupo VDR,Gazólaz,31076,Navarra,planificado,Facility,14841,14839,100.0,,100.0,True,,sin_expediente,https://www.datacentermap.com/spain/pamplona/campus-data-navarra-bldg-2/
campus-data-navarra-bldg-3,Campus Data Navarra - Bldg 3,Grupo VDR,Gazólaz,31076,Navarra,planificado,Facility,14842,14839,100.0,,100.0,True,,sin_expediente,https://www.datacentermap.com/spain/pamplona/campus-data-navarra-bldg-3/
campus-data-navarra-bldg-4,Campus Data Navarra - Bldg 4,Grupo VDR,Gazólaz,31076,Navarra,planificado,Facility,14843,14839,100.0,,100.0,True,,sin_expediente,https://www.datacentermap.com/spain/pamplona/campus-data-navarra-bldg-4/
carrierhouse-barcelona,Equinix BA1,Equinix,Barcelona,08019,Cataluna,operativo,Facility,1434,,,,,True,,solo_municipio,https://www.datacentermap.com/spain/barcelona/carrierhouse-barcelona/
carrierhouse-madrid,Equinix MD1,Equinix,Madrid,28079,Madrid,sin_fase,Facility,1433,,,,,True,,solo_municipio,https://www.datacentermap.com/spain/madrid/carrierhouse-madrid/
carrierhouse-madrid2,Equinix MD2,Equinix,Alcobendas,28006,Madrid,sin_fase,Facility,1431,,,,,True,MA-P10,operador,https://www.datacentermap.com/spain/madrid/carrierhouse-madrid2/
centro-de-datos,Centro de Datos,Acens Technologies,Barcelona,08019,Cataluna,operativo,Facility,2191,1297,,,,True,,solo_municipio,https://www.datacentermap.com/spain/barcelona/centro-de-datos/
cisco-real-madrid-city,Cisco Real Madrid City,Cisco Systems,Valdebebas,28079,Madrid,planificado,Facility,15083,,,,,True,,solo_municipio,https://www.datacentermap.com/spain/madrid/cisco-real-madrid-city/
civicos-networking,Civicos Networking - La Palma,Civicos Networking,Los Llanos de Aridane,38024,Canarias,operativo,Facility,7608,,,,,True,,sin_expediente,https://www.datacentermap.com/spain/los-llanos/civicos-networking/
civicos-networking-lanzarote,Civicos Networking - Arrecife,Civicos Networking,Arrecife,35004,Canarias,operativo,Facility,7607,,,,,True,,sin_expediente,https://www.datacentermap.com/spain/arrecife/civicos-networking-lanzarote/
civicos-networking-madrid,Civicos Networking - Madrid,Civicos Networking,San Blas-Canillejas,28079,Madrid,operativo,Facility,11779,12634,,,,False,,solo_municipio,https://www.datacentermap.com/spain/madrid/civicos-networking-madrid/
civicos-networking-main,Civicos Networking - La Laguna,Civicos Networking,San Cristóbal de La Laguna,38023,Canarias,operativo,Facility,3311,,,,,True,,sin_expediente,https://www.datacentermap.com/spain/santa-cruz-de-tenerife/civicos-networking-main/
cloud-center-andalucia,Cloud Center Andalucia,Trevenque Cloud,Granada,18087,Andalucia,operativo,Facility,4003,,,,,True,,sin_expediente,https://www.datacentermap.com/spain/granada/cloud-center-andalucia/
cogent-madrid,Cogent Data Center - Madrid,"Cogent Communications, Inc.",Madrid,28079,Madrid,sin_fase,Facility,7398,,0.4,0.4,0.4,True,,solo_municipio,https://www.datacentermap.com/spain/madrid/cogent-madrid/
colt-barcelona1,Templus Barcelona BCN02,Templus,Barcelona,08019,Cataluna,operativo,Facility,4667,3388,8.0,,8.0,True,,solo_municipio,https://www.datacentermap.com/spain/barcelona/colt-barcelona1/
colt-madrid1,Templus Madrid MAD02,Templus,Madrid,28079,Madrid,sin_fase,Facility,4668,,3.2,1.8,1.8,True,,solo_municipio,https://www.datacentermap.com/spain/madrid/colt-madrid1/
comvive-datacenter,Sevilla Data Center,"Comvive Servidores, S.L.",Seville,,,operativo,Facility,7069,,1.0,,1.0,True,,sin_municipio,https://www.datacentermap.com/spain/sevilla/comvive-datacenter/
cordoba-datacenter,CORDOBA DATACENTER // TICNEXT,CORDOBA DATACENTER // TICNEXT,Córdoba,14021,Andalucia,operativo,Facility,12808,,,,,True,,sin_expediente,https://www.datacentermap.com/spain/cordoba-es/cordoba-datacenter/
cyberneticos-cpd,Cyberneticos CPD,CyberNETicos Hosting,El Puerto de Sta María,11027,Andalucia,operativo,Facility,14541,,,,,True,,sin_expediente,https://www.datacentermap.com/spain/cadiz/cyberneticos-cpd/
cyrusone-mad1,CyrusOne MAD1 - Alcobendas,CyrusOne Data Centers,Alcobendas,28006,Madrid,sin_fase,Facility,9435,,18.0,,18.0,True,,solo_municipio,https://www.datacentermap.com/spain/madrid/cyrusone-mad1/
d-alix,D-ALiX Datacenter,D-ALiX,Granadilla de Abona,38017,Canarias,operativo,Facility,3509,,5.0,,5.0,True,,sin_expediente,https://www.datacentermap.com/spain/santa-cruz-de-tenerife/d-alix/
dantia-cloud-data-center,DANTIA Cloud Data Center,DANTIA Tecnología,Jerez de la Frontera,11020,Andalucia,operativo,Facility,11972,,,,,True,,sin_expediente,https://www.datacentermap.com/spain/cadiz/dantia-cloud-data-center/
data-rush,DataRush Malaga I,DataRush IT Services,Malaga,29067,Andalucia,operativo,Facility,4899,,,,,True,,solo_municipio,https://www.datacentermap.com/spain/malaga/data-rush/
data4-madrid-mad01-dc1,DATA4 Madrid MAD01-DC1,DATA4,Alcobendas,28006,Madrid,operativo,Facility,17671,7773,14.0,,14.0,True,,solo_municipio,https://www.datacentermap.com/spain/madrid/data4-madrid-mad01-dc1/
data4-madrid-mad01-dc2,DATA4 Madrid MAD01-DC2,DATA4,Alcobendas,28006,Madrid,operativo,Facility,17672,7773,6.6,,6.6,True,,solo_municipio,https://www.datacentermap.com/spain/madrid/data4-madrid-mad01-dc2/
data4-madrid-mad01-dc3,DATA4 Madrid MAD01-DC3,DATA4,Alcobendas,28006,Madrid,operativo,Facility,17673,7773,6.6,,6.6,True,,solo_municipio,https://www.datacentermap.com/spain/madrid/data4-madrid-mad01-dc3/
data4-madrid-mad02-dc1,DATA4 Madrid MAD02-DC1,DATA4,San Agustín del Guadalix,28129,Madrid,operativo,Facility,17704,9748,12.5,,12.5,True,MA-P08,operador,https://www.datacentermap.com/spain/madrid/data4-madrid-mad02-dc1/
data4-madrid-mad02-dc2,DATA4 Madrid MAD02-DC2,DATA4,San Agustín del Guadalix,28129,Madrid,operativo,Facility,17705,9748,12.5,,12.5,True,MA-P08,operador,https://www.datacentermap.com/spain/madrid/data4-madrid-mad02-dc2/
data4-madrid-mad02-dc3,DATA4 Madrid MAD02-DC3,DATA4,San Agustín del Guadalix,28129,Madrid,en_construccion,Facility,17706,9748,12.5,,12.5,True,MA-P08,operador,https://www.datacentermap.com/spain/madrid/data4-madrid-mad02-dc3/
data4-madrid-mad02-dc4,DATA4 Madrid MAD02-DC4,DATA4,San Agustín del Guadalix,28129,Madrid,en_construccion,Facility,17707,9748,12.5,,12.5,True,MA-P08,operador,https://www.datacentermap.com/spain/madrid/data4-madrid-mad02-dc4/
data4-madrid-mad2,DATA4 Madrid Campus MAD02,DATA4,San Agustín del Guadalix,28129,Madrid,sin_fase,Campus,9748,,50.0,,50.0,False,MA-P08,operador,https://www.datacentermap.com/spain/madrid/data4-madrid-mad2/
data4-madrid-spain,DATA4 Madrid Campus MAD01,DATA4,Alcobendas,28006,Madrid,sin_fase,Campus,7773,,70.0,,70.0,False,,solo_municipio,https://www.datacentermap.com/spain/madrid/data4-madrid-spain/
datarush-malaga-ii,DataRush Malaga II,DataRush IT Services,Málaga,29067,Andalucia,operativo,Facility,11718,,,,,True,,solo_municipio,https://www.datacentermap.com/spain/malaga/datarush-malaga-ii/
dayone-aragon,DayOne Aragon,DayOne,Escatrón,50101,Aragon,planificado,Facility,17940,,300.0,,300.0,True,,sin_expediente,https://www.datacentermap.com/spain/zaragoza/dayone-aragon/
dc-icm-1,ICM Datacenter,ICM,Barcelona,08019,Cataluna,operativo,Facility,2360,3388,,,,True,,solo_municipio,https://www.datacentermap.com/spain/barcelona/dc-icm-1/
dc-sevilla,Templus Sevilla SEV01,Templus,Seville,,,operativo,Facility,5955,,1.0,,1.0,True,,sin_municipio,https://www.datacentermap.com/spain/sevilla/dc-sevilla/
digital-realty-madrid-mad4,Calle de Alfonso Gómez 4 (MAD4),Digital Realty,Madrid,28079,Madrid,sin_fase,Facility,9846,,5.0,,5.0,True,MA-P07,operador,https://www.datacentermap.com/spain/madrid/digital-realty-madrid-mad4/
digital-valley-asturias,Digital Valley Asturias,S4U (Sales for You Consulting),Salas,33059,Asturias,planificado,Facility,18776,,120.0,,120.0,True,AS-P01,operador,https://www.datacentermap.com/spain/oviedo/digital-valley-asturias/
digital-value,Digital Value Data Center,DIGITAL VALUE,Valencia,46250,Comunitat Valenciana,operativo,Facility,5711,,3.0,,3.0,True,,solo_municipio,https://www.datacentermap.com/spain/valencia/digital-value/
dxc-zaragoza-data-center,DXC Zaragoza Data Center,DXC Technology,Zaragoza,50297,Aragon,operativo,Facility,15111,,,,,True,,solo_municipio,https://www.datacentermap.com/spain/zaragoza/dxc-zaragoza-data-center/
econocom-madrid,Econocom Madrid,Econocom,Madrid,28079,Madrid,operativo,Facility,14545,,,,,True,,solo_municipio,https://www.datacentermap.com/spain/madrid/econocom-madrid/
edgeconnex-bcn01,EdgeConneX Barcelona - EDCBCN01,EdgeConneX,Viladecans,08301,Cataluna,operativo,Facility,9548,,8.4,,8.4,True,,sin_expediente,https://www.datacentermap.com/spain/barcelona/edgeconnex-bcn01/
edged-barcelona,Edged Barcelona,Edged Energy,Barcelona,08019,Cataluna,operativo,Facility,11129,,16.0,,16.0,True,,solo_municipio,https://www.datacentermap.com/spain/barcelona/edged-barcelona/
edged-bilbao-arasur-bil01,Edged Bilbao-Arasur BIL01,Edged Energy,Rivabellosa,01047,Pais Vasco,en_construccion,Facility,11131,11130,48.0,,48.0,True,PV-P01,operador,https://www.datacentermap.com/spain/bilbao/edged-bilbao-arasur-bil01/
edged-bilbao-arasur-bil02,Edged Bilbao-Arasur BIL02,Edged Energy,Rivabellosa,01047,Pais Vasco,en_construccion,Facility,11132,11130,48.0,,48.0,True,PV-P01,operador,https://www.datacentermap.com/spain/bilbao/edged-bilbao-arasur-bil02/
edged-bilbao-arasur-bil03,Edged Bilbao-Arasur BIL03,Edged Energy,Rivabellosa,01047,Pais Vasco,operativo,Facility,11133,11130,22.0,,22.0,True,PV-P01,operador,https://www.datacentermap.com/spain/bilbao/edged-bilbao-arasur-bil03/
edged-bilbao-arasur-campus,Edged Bilbao-Arasur Campus,Edged Energy,Rivabellosa,01047,Pais Vasco,operativo,Campus,11130,,130.0,,130.0,False,PV-P01,operador,https://www.datacentermap.com/spain/bilbao/edged-bilbao-arasur-campus/
edged-madrid-getafe,Edged Madrid-Getafe,Edged Energy,Getafe,28065,Madrid,sin_fase,Facility,11128,,20.0,,20.0,True,,solo_municipio,https://www.datacentermap.com/spain/madrid/edged-madrid-getafe/
edgemode-dc-malpica-building-1,DC Estate Malpica - Building 1,Spark AI Foundry,Mora,45106,Castilla-La Mancha,planificado,Facility,18123,18122,150.0,,150.0,True,CM-P06,operador,https://www.datacentermap.com/spain/toledo-es/edgemode-dc-malpica-building-1/
edgemode-dc-malpica-building-2,DC Estate Malpica - Building 2,Spark AI Foundry,Mora,45106,Castilla-La Mancha,planificado,Facility,18124,18122,150.0,,150.0,True,CM-P06,operador,https://www.datacentermap.com/spain/toledo-es/edgemode-dc-malpica-building-2/
edgemode-dc-malpica-campus,DC Estate Malpica Campus,Spark AI Foundry,Mora,45106,Castilla-La Mancha,planificado,Campus,18122,,300.0,,300.0,False,CM-P06,operador,https://www.datacentermap.com/spain/toledo-es/edgemode-dc-malpica-campus/
edgnex-madrid,DAMAC Digital MAD01,DAMAC Digital,Vicálvaro,28079,Madrid,en_construccion,Facility,12451,,40.0,,40.0,True,,solo_municipio,https://www.datacentermap.com/spain/madrid/edgnex-madrid/
equinix-alcobendas-campus,Equinix Alcobendas Campus,Equinix,Alcobendas,28006,Madrid,operativo,Facility,17801,,,,,False,MA-P10,operador,https://www.datacentermap.com/spain/madrid/equinix-alcobendas-campus/
equinix-ba2,Equinix BA2,Equinix,L'Hospitalet de Llobregat,08101,Cataluna,operativo,Facility,9118,,3.41,,3.41,True,,sin_expediente,https://www.datacentermap.com/spain/barcelona/equinix-ba2/
equinix-md3x,Equinix MD3x,Equinix,Alcobendas,28006,Madrid,sin_fase,Facility,9120,17801,12.0,,12.0,True,MA-P10,operador,https://www.datacentermap.com/spain/madrid/equinix-md3x/
equinix-md4x,Equinix MD4x,Equinix,Alcobendas,28006,Madrid,en_construccion,Facility,14162,,10.0,,10.0,True,MA-P10,operador,https://www.datacentermap.com/spain/madrid/equinix-md4x/
equinix-md5,Equinix MD5,Equinix,Alcobendas,28006,Madrid,sin_fase,Facility,14161,17801,9.6,,9.6,True,MA-P10,operador,https://www.datacentermap.com/spain/madrid/equinix-md5/
equinix-md6,Equinix MD6,Equinix,Alcobendas,28006,Madrid,sin_fase,Facility,9119,17801,30.0,4.8,4.8,True,MA-P10,operador,https://www.datacentermap.com/spain/madrid/equinix-md6/
espacio-rack,EspacioRack Data Center,ESPACIORACK,Pozuelo de Alarcón,28115,Madrid,sin_fase,Facility,7728,,,,,True,,sin_expediente,https://www.datacentermap.com/spain/madrid/espacio-rack/
espanix-datacenter,Espanix Datacenter,Espanix,Madrid,28079,Madrid,sin_fase,Facility,8076,,8.0,,8.0,True,,solo_municipio,https://www.datacentermap.com/spain/madrid/espanix-datacenter/
ferrovial-mad01,Ferrovial MAD01,Ferrovial Digital Infrastructure (FDI),Alcobendas,28006,Madrid,planificado,Facility,18423,,40.0,,40.0,True,,solo_municipio,https://www.datacentermap.com/spain/madrid/ferrovial-mad01/
galicia-green-data-center,Galicia Green Data Center,IREN (Iris Energy),Coruña,,,en_construccion,Facility,15954,,15.0,,15.0,True,,sin_municipio,https://www.datacentermap.com/spain/a-coruna/galicia-green-data-center/
global-switch-madrid,Global Switch Madrid 1,Global Switch,Madrid,28079,Madrid,sin_fase,Facility,4002,18135,14.0,,14.0,True,,solo_municipio,https://www.datacentermap.com/spain/madrid/global-switch-madrid/
global-switch-madrid-2,Global Switch Madrid 2,Global Switch,Madrid,28079,Madrid,en_construccion,Facility,18134,18135,56.0,,56.0,True,,solo_municipio,https://www.datacentermap.com/spain/madrid/global-switch-madrid-2/
global-switch-madrid-campus,Global Switch Madrid Campus,Global Switch,Madrid,28079,Madrid,operativo,Campus,18135,,,,,False,,solo_municipio,https://www.datacentermap.com/spain/madrid/global-switch-madrid-campus/
gnet-data-center,GNET Data Center,Grupalia Internet S.A,Madrid,28079,Madrid,sin_fase,Facility,3941,,20.0,,20.0,True,,solo_municipio,https://www.datacentermap.com/spain/madrid/gnet-data-center/
green-it-aragn,Green IT Aragón,Grupo SAMCA,Pedrola,50204,Aragon,planificado,Facility,15807,,300.0,,300.0,True,AR-P07,operador,https://www.datacentermap.com/spain/zaragoza/green-it-aragn/
grupo-aire-oasix-datacenter,Grupo Aire OASIX Alicante,Grupo Aire | OASIX,Alicante,03014,Comunitat Valenciana,operativo,Facility,8905,,,,,True,,sin_expediente,https://www.datacentermap.com/spain/alicante/grupo-aire-oasix-datacenter/
hispaweb-network,Hispaweb Network,Hispaweb Network,Madrid,28079,Madrid,operativo,Facility,5766,,,,,True,,solo_municipio,https://www.datacentermap.com/spain/madrid/hispaweb-network/
hscale-mad1,hscale MAD1,hscale,Madrid,28079,Madrid,planificado,Campus,19140,,192.0,,192.0,True,,solo_municipio,https://www.datacentermap.com/spain/madrid/hscale-mad1/
hyperscale-campus-tarragona-land-available,Hyperscale Campus Tarragona — Land Available,Stratega Digital,El Morell,43095,Cataluna,sin_fase,Land,17923,,50.0,,50.0,True,,sin_expediente,https://www.datacentermap.com/spain/tarragona/hyperscale-campus-tarragona-land-available/
iaas-datacenter,IaaS Datacenter,Hispaweb Network,San Blas-Canillejas,28079,Madrid,sin_fase,Facility,12634,,,,,True,,solo_municipio,https://www.datacentermap.com/spain/madrid/iaas-datacenter/
ibercom-donostia,Masmovil Donostia,MASMOVIL Group,Donostia - San Sebastián,20069,Pais Vasco,operativo,Facility,2912,,,,,True,,sin_expediente,https://www.datacentermap.com/spain/donostia/ibercom-donostia/
ibercom-telecom,Masmovil Madrid,MASMOVIL Group,Madrid,28079,Madrid,operativo,Facility,2911,,,,,True,,solo_municipio,https://www.datacentermap.com/spain/madrid/ibercom-telecom/
inferencia-cpd,Inferencia Integral CPDIA,Inferencia Integral,El Puerto de Santa María,11027,Andalucia,operativo,Facility,2821,14541,,,,False,,sin_expediente,https://www.datacentermap.com/spain/cadiz/inferencia-cpd/
infotelecom-ciutadella,Infotelecom Ciutadella,Infotelecom Networks S.L.,Ciutadella de Menorca,07015,Illes Balears,operativo,Facility,17883,,,,,True,,sin_expediente,https://www.datacentermap.com/spain/ciutadella-de-menorca/infotelecom-ciutadella/
infotelecom-ma,Infotelecom Maó,Infotelecom Networks S.L.,Maó,07032,Illes Balears,operativo,Facility,17884,,,,,True,,sin_expediente,https://www.datacentermap.com/spain/mao/infotelecom-ma/
infotelecom-palma,Infotelecom Palma,Infotelecom Networks S.L.,Palma de Mallorca,07040,Illes Balears,operativo,Facility,17885,,,,,True,,solo_municipio,https://www.datacentermap.com/spain/palma/infotelecom-palma/
interoute-barcelona,EXA Edge DC Barcelona,EXA Infrastructure,Cerdanyola del Valles,08266,Cataluna,operativo,Facility,1268,,,,,True,,solo_municipio,https://www.datacentermap.com/spain/barcelona/interoute-barcelona/
interoute-bilbao,EXA DC Bilbao,EXA Infrastructure,Basauri,48015,Pais Vasco,operativo,Facility,1285,,,,,True,,sin_expediente,https://www.datacentermap.com/spain/bilbao/interoute-bilbao/
interoute-valencia,EXA Edge DC Valencia,EXA Infrastructure,Ribarroja del Turia,46214,Comunitat Valenciana,operativo,Facility,1289,,,,,True,,sin_expediente,https://www.datacentermap.com/spain/valencia/interoute-valencia/
interxion-mad2,Calle de Albasanz 73 (MAD2),Digital Realty,Madrid,28079,Madrid,sin_fase,Facility,5615,,2.4,,2.4,True,MA-P07,operador,https://www.datacentermap.com/spain/madrid/interxion-mad2/
interxion-mad3,Calle de Emilio Muñoz 49-51 (MAD3),Digital Realty,Madrid,28079,Madrid,sin_fase,Facility,8418,,5.8,,5.8,True,MA-P07,operador,https://www.datacentermap.com/spain/madrid/interxion-mad3/
interxion-madrid,Calle de Albasanz 71 (MAD1),Digital Realty,Madrid,28079,Madrid,sin_fase,Facility,1113,,3.6,,3.6,True,MA-P07,operador,https://www.datacentermap.com/spain/madrid/interxion-madrid/
ipcore,ipcore Madrid,IPCore Datacenters S.L,Madrid,28079,Madrid,sin_fase,Facility,4312,,,,,True,,solo_municipio,https://www.datacentermap.com/spain/madrid/ipcore/
iren-guadalajara-gua1,IREN Guadalajara GUA1,IREN (Iris Energy),Guadalajara,19130,Castilla-La Mancha,planificado,Facility,18059,,29.0,,29.0,True,CM-P03,operador,https://www.datacentermap.com/spain/guadalajara-es/iren-guadalajara-gua1/
iren-pinto,IREN Pinto,IREN (Iris Energy),Pinto,28113,Madrid,planificado,Facility,18060,,21.0,,21.0,True,,sin_expediente,https://www.datacentermap.com/spain/madrid/iren-pinto/
iren-zamudio,IREN Zamudio,IREN (Iris Energy),Zamudio,48905,Pais Vasco,planificado,Facility,18061,,30.0,,30.0,True,PV-P04,operador,https://www.datacentermap.com/spain/bilbao/iren-zamudio/
iridium-alcal-de-henares,Iridium Alcalá de Henares,"Iridium Concesiones de Infraestructuras, S.A.",Alcalá de Henares,28005,Madrid,planificado,Facility,14836,,50.0,,50.0,True,,solo_municipio,https://www.datacentermap.com/spain/madrid/iridium-alcal-de-henares/
iridium-zaragoza,Iridium Zaragoza,"Iridium Concesiones de Infraestructuras, S.A.",Cartuja Baja,50297,Aragon,planificado,Facility,14837,,,,,True,,solo_municipio,https://www.datacentermap.com/spain/zaragoza/iridium-zaragoza/
iron-mountain-data-centers-mad-2,Iron Mountain Data Centers MAD-2,Iron Mountain Data Centers,San Fernando de Henares,28130,Madrid,en_construccion,Facility,15610,17782,10.0,,10.0,True,MA-P18,operador,https://www.datacentermap.com/spain/madrid/iron-mountain-data-centers-mad-2/
iron-mountain-data-centers-mad-3,Iron Mountain Data Centers MAD-3,Iron Mountain Data Centers,San Fernando de Henares,28130,Madrid,en_construccion,Facility,15611,17782,10.0,,10.0,True,MA-P18,operador,https://www.datacentermap.com/spain/madrid/iron-mountain-data-centers-mad-3/
iron-mountain-data-centers-mad-4,Iron Mountain Data Centers MAD-4,Iron Mountain Data Centers,San Fernando de Henares,28130,Madrid,planificado,Facility,15612,17782,10.0,,10.0,True,MA-P18,operador,https://www.datacentermap.com/spain/madrid/iron-mountain-data-centers-mad-4/
iron-mountain-data-centers-mad-5,Iron Mountain Data Centers MAD-5,Iron Mountain Data Centers,San Fernando de Henares,28130,Madrid,planificado,Facility,15613,17782,10.0,,10.0,True,MA-P18,operador,https://www.datacentermap.com/spain/madrid/iron-mountain-data-centers-mad-5/
iron-mountain-data-centers-mad-6,Iron Mountain Data Centers MAD-6,Iron Mountain Data Centers,San Fernando de Henares,28130,Madrid,planificado,Facility,15614,17782,12.0,,12.0,True,MA-P18,operador,https://www.datacentermap.com/spain/madrid/iron-mountain-data-centers-mad-6/
iron-mountain-data-centers-mad-7,Iron Mountain Data Centers MAD-7,Iron Mountain Data Centers,San Fernando de Henares,28130,Madrid,planificado,Facility,15615,17782,12.0,,12.0,True,MA-P18,operador,https://www.datacentermap.com/spain/madrid/iron-mountain-data-centers-mad-7/
iron-mountain-data-centers-mad-8,Iron Mountain Data Centers MAD-8,Iron Mountain Data Centers,San Fernando de Henares,28130,Madrid,planificado,Facility,15616,17782,12.0,,12.0,True,MA-P18,operador,https://www.datacentermap.com/spain/madrid/iron-mountain-data-centers-mad-8/
iron-mountain-mad-1,Iron Mountain Data Centers MAD-1,Iron Mountain Data Centers,San Fernando de Henares,28130,Madrid,sin_fase,Facility,8834,17782,3.0,,3.0,True,MA-P18,operador,https://www.datacentermap.com/spain/madrid/iron-mountain-mad-1/
iron-mountain-madrid-campus,Iron Mountain MAD Campus,Iron Mountain Data Centers,San Fernando de Henares,28130,Madrid,operativo,Campus,17782,,,,,False,MA-P18,operador,https://www.datacentermap.com/spain/madrid/iron-mountain-madrid-campus/
islalink-ext,IslaLink Ibiza Center,IslaLink,Ibiza,07026,Illes Balears,operativo,Facility,8525,,,,,True,,sin_expediente,https://www.datacentermap.com/spain/ibiza/islalink-ext/
islalink-fsl,IslaLink Valencia Center,IslaLink,Valencia,46250,Comunitat Valenciana,operativo,Facility,8519,,,,,True,,solo_municipio,https://www.datacentermap.com/spain/valencia/islalink-fsl/
islalink-madrid-data-center,IslaLink Madrid Data Center,IslaLink,Madrid,28079,Madrid,operativo,Facility,13380,,,,,True,,solo_municipio,https://www.datacentermap.com/spain/madrid/islalink-madrid-data-center/
islalink-pde,IslaLink Mallorca Center,IslaLink,Palma de Mallorca,07040,Illes Balears,operativo,Facility,8524,,,,,True,,solo_municipio,https://www.datacentermap.com/spain/palma/islalink-pde/
it-nexus-data-center,IT Nexus Data Center,COS Global Services,Tres Cantos,28903,Madrid,sin_fase,Facility,13694,,6.0,,6.0,True,,solo_municipio,https://www.datacentermap.com/spain/madrid/it-nexus-data-center/
itnow-cd1,ITnow CD1,ITnow,Cerdanyola del Vallès,08266,Cataluna,operativo,Facility,13324,,,,,False,,solo_municipio,https://www.datacentermap.com/spain/barcelona/itnow-cd1/
itnow-cd2,ITnow CD2,ITnow,Cerdanyola del Vallès,08266,Cataluna,operativo,Facility,13325,,,,,True,,solo_municipio,https://www.datacentermap.com/spain/barcelona/itnow-cd2/
kio-espana,Kumo Murcia,Kumo Networks,Espinardo,30030,Region de Murcia,operativo,Facility,8763,,0.193,,0.193,True,,sin_expediente,https://www.datacentermap.com/spain/murcia/kio-espana/
krolmap-villanueva-de-gllego,Krolmap Villanueva de Gállego,Krolmap,Villanueva de Gállego,50288,Aragon,planificado,Facility,18422,,150.0,,150.0,True,,solo_municipio,https://www.datacentermap.com/spain/zaragoza/krolmap-villanueva-de-gllego/
kumo-valencia,Kumo Valencia,Kumo Networks,Paterna,46190,Comunitat Valenciana,sin_fase,Facility,16467,,,,,True,,sin_expediente,https://www.datacentermap.com/spain/valencia/kumo-valencia/
kyndryl-barcelona-cerdanyola,Kyndryl Barcelona-Cerdanyola,Kyndryl,Cerdanyola del Vallès,08266,Cataluna,operativo,Facility,19039,13324,0.128,,0.128,True,,solo_municipio,https://www.datacentermap.com/spain/barcelona/kyndryl-barcelona-cerdanyola/
kyndryl-dc-torrejon,Kyndryl Madrid Tec. Center,Kyndryl,San Fernando de Henares,28130,Madrid,sin_fase,Facility,15203,,0.553,,0.553,True,,solo_municipio,https://www.datacentermap.com/spain/madrid/kyndryl-dc-torrejon/
logistics-data-campus-villena,Logistics Data Campus Villena,L14 REIS,Villena,03140,Comunitat Valenciana,planificado,Facility,15842,,,,,True,,sin_expediente,https://www.datacentermap.com/spain/alicante/logistics-data-campus-villena/
madrid,Adam MAD,Adam,Navalcarnero,28096,Madrid,operativo,Facility,2947,,,,,True,,sin_expediente,https://www.datacentermap.com/spain/madrid/madrid/
madrid-lezama,nLighten Madrid MA1,nLighten,Madrid,28079,Madrid,sin_fase,Facility,4774,,1.5,,1.5,True,,solo_municipio,https://www.datacentermap.com/spain/madrid/madrid-lezama/
malaga-data-center,Malaga Data Center,Malaga Data Center,Malaga,29067,Andalucia,operativo,Facility,3410,,1.0,,1.0,True,,solo_municipio,https://www.datacentermap.com/spain/malaga/malaga-data-center/
malaga-datacenter2,Templus Malaga MAL01,Templus,Guadalhorce,29067,Andalucia,operativo,Facility,8809,,2.8,,2.8,True,,solo_municipio,https://www.datacentermap.com/spain/malaga/malaga-datacenter2/
mediterra-barcelona-01,Mediterra BARCELONA 01,Mediterra Datacenters,Montmeló,08135,Cataluna,planificado,Facility,16811,,8.0,,8.0,True,,solo_municipio,https://www.datacentermap.com/spain/barcelona/mediterra-barcelona-01/
meta-talavera-de-la-reina,Meta Talavera de la Reina,Meta,Talavera de la Reina,45165,Castilla-La Mancha,planificado,Facility,18716,,,,,True,CM-P01,operador,https://www.datacentermap.com/spain/toledo-es/meta-talavera-de-la-reina/
microsoft-alcal-de-henares,Microsoft Alcalá de Henares,Microsoft,Alcalá de Henares,28005,Madrid,en_construccion,Facility,15456,,,,,True,MA-P11,operador,https://www.datacentermap.com/spain/madrid/microsoft-alcal-de-henares/
microsoft-la-muela,Microsoft La Muela,Microsoft,La Muela,50182,Aragon,planificado,Facility,13194,,,,,True,AR-P03,operador,https://www.datacentermap.com/spain/zaragoza/microsoft-la-muela/
microsoft-madrid-mad1,Microsoft Madrid (MAD1),Microsoft,Algete,28009,Madrid,operativo,Facility,13064,,,,,True,,solo_municipio,https://www.datacentermap.com/spain/madrid/microsoft-madrid-mad1/
microsoft-villamayor-de-gallego,Microsoft Villamayor de Gallego,Microsoft,Villamayor de Gállego,50903,Aragon,planificado,Facility,13195,,,,,True,AR-P03,operador,https://www.datacentermap.com/spain/zaragoza/microsoft-villamayor-de-gallego/
microsoft-zaragoza,Microsoft Zaragoza,Microsoft,Zaragoza,50297,Aragon,planificado,Facility,13733,,,,,True,AR-P03,operador,https://www.datacentermap.com/spain/zaragoza/microsoft-zaragoza/
nabiax-alcal-adc2,Nabiax Alcalá (ADC2),Nabiax,Alcalá de Henares,28005,Madrid,sin_fase,Facility,10067,18790,7.2,,7.2,True,MA-P02,operador,https://www.datacentermap.com/spain/madrid/nabiax-alcal-adc2/
nabiax-alcal-adc3,Nabiax Alcalá (ADC3),Nabiax,Alcalá de Henares,28005,Madrid,planificado,Facility,18789,18790,,,,True,MA-P02,operador,https://www.datacentermap.com/spain/madrid/nabiax-alcal-adc3/
nabiax-alcal-campus,Nabiax Alcalá Campus,Nabiax,Alcalá de Henares,28005,Madrid,operativo,Campus,18790,,,,,False,MA-P02,operador,https://www.datacentermap.com/spain/madrid/nabiax-alcal-campus/
nabiax-alcala,Nabiax Alcalá (ADC1),Nabiax,Alcalá de Henares,28005,Madrid,sin_fase,Facility,8648,18790,8.4,,8.4,True,MA-P02,operador,https://www.datacentermap.com/spain/madrid/nabiax-alcala/
nabiax-julian-camarillo,Nabiax Julián Camarillo,Nabiax,Madrid,28079,Madrid,sin_fase,Facility,8649,,10.0,,10.0,True,,solo_municipio,https://www.datacentermap.com/spain/madrid/nabiax-julian-camarillo/
nabiax-terrassa,Nabiax Terrassa,Nabiax,Terrassa,08279,Cataluna,operativo,Facility,10068,,1.3,,1.3,True,,sin_expediente,https://www.datacentermap.com/spain/barcelona/nabiax-terrassa/
nexica,Econocom Barcelona,Econocom,Barcelona,08019,Cataluna,operativo,Facility,1628,1434,,,,False,,solo_municipio,https://www.datacentermap.com/spain/barcelona/nexica/
nixval,NIXVAL Data Center,NIXVAL,Valencia,46250,Comunitat Valenciana,operativo,Facility,656,,1.0,,1.0,True,,solo_municipio,https://www.datacentermap.com/spain/valencia/nixval/
nostrum-cceres-campus,IREN Cáceres Campus,IREN (Iris Energy),Cáceres,10037,Extremadura,planificado,Campus,15953,,220.0,,220.0,True,,solo_municipio,https://www.datacentermap.com/spain/caceres/nostrum-cceres-campus/
nostrum-evergreen,IREN Evergreen,IREN (Iris Energy),Badajoz,06015,Extremadura,planificado,Facility,15955,,300.0,,300.0,True,EX-P05,operador,https://www.datacentermap.com/spain/badajoz/nostrum-evergreen/
ntt-madrid-1,GDC - Madrid 1 Data Center,"NTT DATA, Inc.",las Rozas de Madrid,28127,Madrid,sin_fase,Facility,9380,,6.9,6.9,6.9,True,,solo_municipio,https://www.datacentermap.com/spain/madrid/ntt-madrid-1/
numant-ia,Numant-IA,Spanish Ministry of Defense,Soria,42173,Castilla y Leon,planificado,Facility,15806,,,,,True,,sin_expediente,https://www.datacentermap.com/spain/soria/numant-ia/
nxn-datacenter-madrid,NxN Datacenter Madrid,NxN Datacenters,Hortaleza,28079,Madrid,en_construccion,Facility,17451,,7.5,,7.5,True,,solo_municipio,https://www.datacentermap.com/spain/madrid/nxn-datacenter-madrid/
nxn-datacenter-valencia-nx01,NxN Datacenter Valencia (NX01),NxN Datacenters,València,46250,Comunitat Valenciana,en_construccion,Facility,14955,,6.0,,6.0,True,,solo_municipio,https://www.datacentermap.com/spain/valencia/nxn-datacenter-valencia-nx01/
oasix-malaga,Grupo Aire OASIX Malaga,Grupo Aire | OASIX,Málaga,29067,Andalucia,operativo,Facility,8911,,,,,True,,solo_municipio,https://www.datacentermap.com/spain/malaga/oasix-malaga/
oasix-toledo,Grupo Aire OASIX Toledo,Grupo Aire | OASIX,Talavera de la Reina,45165,Castilla-La Mancha,sin_fase,Facility,8912,,,,,True,CM-P10,operador,https://www.datacentermap.com/spain/toledo-es/oasix-toledo/
oasix-zaragoza,Grupo Aire OASIX Zaragoza,Grupo Aire | OASIX,Zaragoza,50297,Aragon,operativo,Facility,8925,,,,,True,,solo_municipio,https://www.datacentermap.com/spain/zaragoza/oasix-zaragoza/
odc-malaga,ODC Malaga,Olivenet Data Centers Spain S.L. (ODC),Málaga,29067,Andalucia,operativo,Facility,12579,,,,,True,,solo_municipio,https://www.datacentermap.com/spain/malaga/odc-malaga/
ono-barcelona-i,Vodafone Barcelona Data Center,Vodafone,Barcelona,08019,Cataluna,operativo,Facility,2306,,,,,True,,solo_municipio,https://www.datacentermap.com/spain/barcelona/ono-barcelona-i/
ono-i---la-florida,Vodafone La Florida Data Center,Vodafone,Aravaca,28079,Madrid,operativo,Facility,2305,,,,,True,,solo_municipio,https://www.datacentermap.com/spain/madrid/ono-i---la-florida/
ono-ii---atocha,Vodafone Atocha Data Center,Vodafone,Madrid,28079,Madrid,sin_fase,Facility,2304,,,,,True,,solo_municipio,https://www.datacentermap.com/spain/madrid/ono-ii---atocha/
oxigen-d,Oxigen DC Sant Cugat del Vallès,Oxigen Data Center,Sant Cugat del Vallès,08205,Cataluna,operativo,Facility,13570,,10.0,,10.0,True,,sin_expediente,https://www.datacentermap.com/spain/barcelona/oxigen-d/
oxigen-dc-sant-fruits-de-bages,Oxigen DC Sant Fruitós de Bages,Oxigen Data Center,Sant Fruitós de Bages,08213,Cataluna,operativo,Facility,16815,,10.0,,10.0,True,,sin_expediente,https://www.datacentermap.com/spain/barcelona/oxigen-dc-sant-fruits-de-bages/
panattoni-barcelona-campus,Panattoni Barcelona Campus,Panattoni,Cerdanyola del Vallès,08266,Cataluna,planificado,Campus,13321,,88.0,,88.0,True,,solo_municipio,https://www.datacentermap.com/spain/barcelona/panattoni-barcelona-campus/
panattoni-barcelona-dc01,Panattoni Barcelona DC01,Panattoni,Cerdanyola del Vallès,08266,Cataluna,planificado,Facility,13322,13321,,,,False,,solo_municipio,https://www.datacentermap.com/spain/barcelona/panattoni-barcelona-dc01/
panattoni-barcelona-dc02,Panattoni Barcelona DC02,Panattoni,Cerdanyola del Vallès,08266,Cataluna,planificado,Facility,13323,13321,,,,False,,solo_municipio,https://www.datacentermap.com/spain/barcelona/panattoni-barcelona-dc02/
parc-tecnologic,Nunsys Paterna Data Center,Nunsys,Paterna,46190,Comunitat Valenciana,operativo,Facility,2878,,3.5,,3.5,True,,sin_expediente,https://www.datacentermap.com/spain/valencia/parc-tecnologic/
plexval,Axarnet Valencia,Axarnet,Paterna,46190,Comunitat Valenciana,operativo,Facility,3008,,,,,True,,sin_expediente,https://www.datacentermap.com/spain/valencia/plexval/
prime-madrid,Prime Madrid MAD01-01,Prime Data Centers,Alcobendas,28006,Madrid,sin_fase,Facility,11209,,40.0,,40.0,True,,solo_municipio,https://www.datacentermap.com/spain/madrid/prime-madrid/
project-lusitanus,Project Lusitanus,Fotowatio Renewable Ventures,Mérida,06083,Extremadura,planificado,Facility,16945,,,,,True,,sin_expediente,https://www.datacentermap.com/spain/merida-es/project-lusitanus/
prored-data-center,ProRed Data Center,PRORED COMUNICACIONES S.L.,Paterna,46190,Comunitat Valenciana,operativo,Facility,6650,,1.0,,1.0,True,,sin_expediente,https://www.datacentermap.com/spain/valencia/prored-data-center/
proyecto-altamira-1,Proyecto Altamira 1,XDC Properties,Villaescusa,39099,Cantabria,planificado,Campus,13784,,240.0,,240.0,False,CB-P01,operador,https://www.datacentermap.com/spain/santander/proyecto-altamira-1/
proyecto-altamira-2,Proyecto Altamira 2,XDC Properties,Villaescusa,39099,Cantabria,planificado,Campus,13785,,120.0,,120.0,False,CB-P01,operador,https://www.datacentermap.com/spain/santander/proyecto-altamira-2/
proyecto-altamira-3,Proyecto Altamira 3,XDC Properties,Villaescusa,39099,Cantabria,planificado,Campus,13786,,120.0,,120.0,False,CB-P01,operador,https://www.datacentermap.com/spain/santander/proyecto-altamira-3/
proyecto-altamira-dc1,Proyecto Altamira DC1,XDC Properties,Villaescusa,39099,Cantabria,planificado,Facility,13787,13784,40.0,,40.0,True,CB-P01,operador,https://www.datacentermap.com/spain/santander/proyecto-altamira-dc1/
proyecto-altamira-dc10,Proyecto Altamira DC10,XDC Properties,Villaescusa,39099,Cantabria,planificado,Facility,13796,13786,40.0,,40.0,True,CB-P01,operador,https://www.datacentermap.com/spain/santander/proyecto-altamira-dc10/
proyecto-altamira-dc11,Proyecto Altamira DC11,XDC Properties,Villaescusa,39099,Cantabria,planificado,Facility,13797,13786,40.0,,40.0,True,CB-P01,operador,https://www.datacentermap.com/spain/santander/proyecto-altamira-dc11/
proyecto-altamira-dc12,Proyecto Altamira DC12,XDC Properties,Villaescusa,39099,Cantabria,planificado,Facility,13798,13786,40.0,,40.0,True,CB-P01,operador,https://www.datacentermap.com/spain/santander/proyecto-altamira-dc12/
proyecto-altamira-dc2,Proyecto Altamira DC2,XDC Properties,Villaescusa,39099,Cantabria,planificado,Facility,13788,13784,40.0,,40.0,True,CB-P01,operador,https://www.datacentermap.com/spain/santander/proyecto-altamira-dc2/
proyecto-altamira-dc3,Proyecto Altamira DC3,XDC Properties,Villaescusa,39099,Cantabria,planificado,Facility,13789,13784,40.0,,40.0,True,CB-P01,operador,https://www.datacentermap.com/spain/santander/proyecto-altamira-dc3/
proyecto-altamira-dc4,Proyecto Altamira DC4,XDC Properties,Villaescusa,39099,Cantabria,planificado,Facility,13790,13784,40.0,,40.0,True,CB-P01,operador,https://www.datacentermap.com/spain/santander/proyecto-altamira-dc4/
proyecto-altamira-dc5,Proyecto Altamira DC5,XDC Properties,Villaescusa,39099,Cantabria,planificado,Facility,13791,13784,40.0,,40.0,True,CB-P01,operador,https://www.datacentermap.com/spain/santander/proyecto-altamira-dc5/
proyecto-altamira-dc6,Proyecto Altamira DC6,XDC Properties,Villaescusa,39099,Cantabria,planificado,Facility,13792,13784,40.0,,40.0,True,CB-P01,operador,https://www.datacentermap.com/spain/santander/proyecto-altamira-dc6/
proyecto-altamira-dc7,Proyecto Altamira DC7,XDC Properties,Villaescusa,39099,Cantabria,planificado,Facility,13793,13785,40.0,,40.0,True,CB-P01,operador,https://www.datacentermap.com/spain/santander/proyecto-altamira-dc7/
proyecto-altamira-dc8,Proyecto Altamira DC8,XDC Properties,Villaescusa,39099,Cantabria,planificado,Facility,13794,13785,40.0,,40.0,True,CB-P01,operador,https://www.datacentermap.com/spain/santander/proyecto-altamira-dc8/
proyecto-altamira-dc9,Proyecto Altamira DC9,XDC Properties,Villaescusa,39099,Cantabria,planificado,Facility,13795,13785,40.0,,40.0,True,CB-P01,operador,https://www.datacentermap.com/spain/santander/proyecto-altamira-dc9/
proyecto-ebro,Proyecto Ebro,Box2bit,Cariñena,50073,Aragon,planificado,Facility,12486,,,,,True,AR-P10,operador,https://www.datacentermap.com/spain/zaragoza/proyecto-ebro/
puredc-meco,PureDC Madrid (Meco),Pure Data Centres Group,Meco,28083,Madrid,planificado,Facility,14260,,25.0,,25.0,True,MA-P01,operador,https://www.datacentermap.com/spain/madrid/puredc-meco/
qts-calatorao,QTS Calatorao,QTS Data Centers,Calatorao,50068,Aragon,planificado,Campus,15978,,300.0,,300.0,True,AR-P04,operador,https://www.datacentermap.com/spain/zaragoza/qts-calatorao/
quetta-dc-molins-de-rei,Quetta DC Molins de Rei,Quetta Data Centers,Molins de Rei,08123,Cataluna,planificado,Facility,16739,,,,,True,,solo_municipio,https://www.datacentermap.com/spain/barcelona/quetta-dc-molins-de-rei/
quetta-dc-tres-cantos,Quetta DC Tres Cantos,Quetta Data Centers,Tres Cantos,28903,Madrid,en_construccion,Facility,12964,,20.0,,20.0,True,,solo_municipio,https://www.datacentermap.com/spain/madrid/quetta-dc-tres-cantos/
redestel,Redestel Data Center,"Redestel, SL",Zaragoza,50297,Aragon,sin_fase,Facility,5737,,,,,True,,solo_municipio,https://www.datacentermap.com/spain/zaragoza/redestel/
rubix-flix,Rubix Flix,Rubix,Flix,43060,Cataluna,planificado,Facility,18401,,90.0,,90.0,True,,sin_expediente,https://www.datacentermap.com/spain/tarragona/rubix-flix/
sarenet-derio,Sarenet Derio/Zamudio 2,Sarenet,Zamudio,48905,Pais Vasco,operativo,Facility,14626,,3.0,,3.0,True,,solo_municipio,https://www.datacentermap.com/spain/bilbao/sarenet-derio/
sarenet-zamudio,Sarenet Derio/Zamudio,Sarenet,Derio,48901,Pais Vasco,operativo,Facility,14627,,,,,True,,sin_expediente,https://www.datacentermap.com/spain/bilbao/sarenet-zamudio/
serosense-alcarrs,Serosense Alcarrás,Grupo Serosense,Alcarràs,25011,Cataluna,planificado,Facility,17389,,30.0,,30.0,True,,sin_expediente,https://www.datacentermap.com/spain/lleida/serosense-alcarrs/
serveisweb,ServeisWeb Fornells Data Center,SW Hosting,Fornells de la Selva,17073,Cataluna,operativo,Facility,4183,,1.0,,1.0,True,,sin_expediente,https://www.datacentermap.com/spain/girona/serveisweb/
sierradc-esczar,Alto Infrastructure SP01,Alto Infrastructure,Escúzar,18072,Andalucia,en_construccion,Facility,15619,,70.0,,70.0,True,,sin_expediente,https://www.datacentermap.com/spain/granada/sierradc-esczar/
solaria-ai-data-center,Solaria AI Data Center,Solaria Energía y Medio Ambiente,Puertollano,13071,Castilla-La Mancha,planificado,Facility,12363,,200.0,,200.0,True,CM-P05,operador,https://www.datacentermap.com/spain/ciudad-real/solaria-ai-data-center/
substrate-ai-talavera-de-la-reina,Substrate AI Talavera de la Reina,Substrate AI,Talavera de la Reina,45165,Castilla-La Mancha,planificado,Facility,18715,,,,,True,,solo_municipio,https://www.datacentermap.com/spain/toledo-es/substrate-ai-talavera-de-la-reina/
sys4net-datacenter-murcia,SYS4NET Datacenter Murcia,"Grupo SYS4NET, S.L.",Alcantarilla,30005,Region de Murcia,operativo,Facility,5509,,,,,True,,sin_expediente,https://www.datacentermap.com/spain/murcia/sys4net-datacenter-murcia/
t-systems-cerdanyola,T-Systems Cerdanyola,T-Systems Iberia,Cerdanyola del Vallés,08266,Cataluna,operativo,Facility,7046,,5.0,,5.0,True,,solo_municipio,https://www.datacentermap.com/spain/barcelona/t-systems-cerdanyola/
t-systems-cpd22,T-Systems CPD22,T-Systems Iberia,Sant Martí,08019,Cataluna,operativo,Facility,14269,,3.9,,3.9,True,,solo_municipio,https://www.datacentermap.com/spain/barcelona/t-systems-cpd22/
telxius-derio-communications-hub,Telxius Derio Communications Hub,Telxius,Derio,48901,Pais Vasco,operativo,Facility,10904,,4.0,,4.0,True,,sin_expediente,https://www.datacentermap.com/spain/bilbao/telxius-derio-communications-hub/
templus-ceuta,Templus Ceuta CEU01,Templus,Ceuta,51001,Ceuta,en_construccion,Facility,15906,,2.4,,2.4,True,,solo_municipio,https://www.datacentermap.com/spain/ceuta/templus-ceuta/
templus-madrid,Templus Madrid MAD01,Templus,Alcalá de Henares,28005,Madrid,sin_fase,Facility,11380,,20.0,10.0,10.0,True,,solo_municipio,https://www.datacentermap.com/spain/madrid/templus-madrid/
tilion-aragon,Tillion Aragon,Tillion DC,Villamayor de Gállego,50903,Aragon,sin_fase,Facility,15587,,300.0,,300.0,True,AR-P08,operador,https://www.datacentermap.com/spain/zaragoza/tilion-aragon/
titan,CPD Titan,Fibra Medios Telecom SL,Murcia,30030,Region de Murcia,operativo,Facility,8953,,,,,True,,sin_expediente,https://www.datacentermap.com/spain/murcia/titan/
unizar-backup-data-center,UNIZAR Backup Data Center,University of Zaragoza,Zaragoza,50297,Aragon,planificado,Facility,18139,,,,,True,,solo_municipio,https://www.datacentermap.com/spain/zaragoza/unizar-backup-data-center/
unizar-primary-data-center,UNIZAR Primary Data Center,University of Zaragoza,Zaragoza,50297,Aragon,planificado,Facility,18138,,,,,True,,solo_municipio,https://www.datacentermap.com/spain/zaragoza/unizar-primary-data-center/
valfortec-alicante,Valfortec Data Center El Lobo,Valfortec,Monforte del Cid,03088,Comunitat Valenciana,planificado,Facility,18421,,30.0,,30.0,True,,solo_municipio,https://www.datacentermap.com/spain/alicante/valfortec-alicante/
vantage-zaragoza,Vantage - Zaragoza,Vantage Data Centers,Villanueva de Gállego,50288,Aragon,planificado,Facility,15496,,,,,True,AR-P06,operador,https://www.datacentermap.com/spain/zaragoza/vantage-zaragoza/
vdpc-data-center,VDPC Data Center,Valencia Digital Port Connect (VDPC),Sagunto,46220,Comunitat Valenciana,planificado,Facility,14605,,10.0,,10.0,True,,sin_expediente,https://www.datacentermap.com/spain/valencia/vdpc-data-center/
vodafone-marratxi-data-center,Vodafone Marratxi Data Center,Vodafone,Marratxí,07036,Illes Balears,operativo,Facility,13800,,,,,True,,sin_expediente,https://www.datacentermap.com/spain/palma/vodafone-marratxi-data-center/
walhalla,Walhalla Data Center,Walhalla,Castellon de la Plana,12040,Comunitat Valenciana,operativo,Facility,9481,,2.0,,2.0,True,,sin_expediente,https://www.datacentermap.com/spain/castellon-de-la-plana/walhalla/
